blz,bic
10000000,MARKDEF1100
10010010,PBNKDEFFXXX
10010123,QNTODEB2XXX
10010178,REVODEB2XXX
10010200,TRZODEB2XXX
10010300,KLRNDEBEXXX
10010424,AARBDE5W100
10010500,AFOPDEB2XXX
10010700,FPEGDEB2XXX
10011001,NTSBDEB1XXX
10012345,TRBKDEBBXXX
10014000,SWNBDEBBXXX
10014001,SWNBDEBBXXX
10017997,HOLVDEB1XXX
10018000,FNOMDEB2XXX
10019000,ADYBDEB2XXX
10020200,BHFBDEFF100
10020500,BFSWDE33BER
10020510,BFSWDE33BER
10020520,BFSWDE33BER
10020890,HYVEDEMM488
10030200,BHYPDEB2XXX
10030400,ABKBDEB1XXX
10030500,LOEBDEBBXXX
10033300,SCFBDE33XXX
10040000,COBADEBBXXX
10040005,COBADEBBXXX
10040010,COBADEFFXXX
10040048,COBADEFFXXX
10040060,COBADEFFXXX
10040061,COBADEFFXXX
10040062,COBADEFFXXX
10040063,COBADEFFXXX
10040085,COBADEFFXXX
10045050,COBADEFFXXX
10050000,BELADEBEXXX
10050020,SKPADEB1XXX
10050500,LBSODEB1BLN
10050999,DGZFDEFFBER
10060198,GENODED1PA6
10061006,GENODED1KDB
10070000,DEUTDEBBXXX
10070024,DEUTDEDBBER
10070100,DEUTDEBB101
10070124,DEUTDEDB101
10070324,DEUTDEDBP30
10070397,DEUTDEBBP30
10070398,DEUTDEBBP31
10070399,DEUTDEBBP32
10070848,DEUTDEDB110
10071324,DEUTDEDBP31
10072324,DEUTDEDBP32
10077777,NORSDE51XXX
10080000,DRESDEFF100
10080005,DRESDEFFI26
10080006,DRESDEFFXXX
10080055,DRESDEFF112
10080057,DRESDEFF114
10080085,DRESDEFFI53
10080086,DRESDEFFI71
10080087,DRESDEFFI72
10080088,DRESDEFFXXX
10080089,DRESDEFFI73
10080900,DRESDEFF199
10089260,DRESDEFFI14
10089999,DRESDEFFI99
10090000,BEVODEBBXXX
10090300,GENODEF1BSB
10090900,GENODEF1P01
10110300,MACODEB1XXX
10110400,IBBBDEBBXXX
10110600,QUBKDEBBXXX
10120100,WELADED1WBB
10130600,ISBKDEFXXXX
10130800,BIWBDE33XXX
10220500,BOFSDEB1XXX
10220600,SYBKDE22BER
10310600,TRDADEB1PBK
10310666,TRDADEBBDIR
10320700,MPAYDEB2XXX
11010100,SOBKDEBBXXX
11010101,SOBKDEB2XXX
11010111,PNTADEBBXXX
12016836,KFWIDEFF100
12030000,BYLADEM1001
12030900,MEFIDEMM100
12040000,COBADEBB120
12050555,NOLADE21DVS
12060000,GENODEFF120
12070000,DEUTDEBB120
12070000,DEUTDEBB121
12070000,DEUTDEBB122
12070000,DEUTDEBB123
12070000,DEUTDEBB124
12070000,DEUTDEBB125
12070000,DEUTDEBB126
12070000,DEUTDEBB127
12070000,DEUTDEBB160
12070000,DEUTDEBB161
12070000,DEUTDEBB162
12070000,DEUTDEBB163
12070000,DEUTDEBB164
12070000,DEUTDEBB165
12070000,DEUTDEBB166
12070000,DEUTDEBB167
12070000,DEUTDEBB168
12070000,DEUTDEBB169
12070000,DEUTDEBB170
12070000,DEUTDEBB171
12070000,DEUTDEBB172
12070000,DEUTDEBB173
12070000,DEUTDEBB174
12070000,DEUTDEBB175
12070000,DEUTDEBB176
12070000,DEUTDEBB177
12070000,DEUTDEBB178
12070000,DEUTDEBB180
12070000,DEUTDEBB181
12070000,DEUTDEBB182
12070000,DEUTDEBB183
12070000,DEUTDEBB184
12070000,DEUTDEBB185
12070000,DEUTDEBB186
12070000,DEUTDEBB187
12070000,DEUTDEBB188
12070000,DEUTDEBB189
12070024,DEUTDEDB120
12070024,DEUTDEDB121
12070024,DEUTDEDB122
12070024,DEUTDEDB123
12070024,DEUTDEDB124
12070024,DEUTDEDB125
12070024,DEUTDEDB126
12070024,DEUTDEDB127
12070024,DEUTDEDB160
12070024,DEUTDEDB161
12070024,DEUTDEDB162
12070024,DEUTDEDB163
12070024,DEUTDEDB164
12070024,DEUTDEDB165
12070024,DEUTDEDB166
12070024,DEUTDEDB167
12070024,DEUTDEDB168
12070024,DEUTDEDB169
12070024,DEUTDEDB170
12070024,DEUTDEDB171
12070024,DEUTDEDB172
12070024,DEUTDEDB173
12070024,DEUTDEDB174
12070024,DEUTDEDB175
12070024,DEUTDEDB176
12070024,DEUTDEDB177
12070024,DEUTDEDB178
12070024,DEUTDEDB180
12070024,DEUTDEDB181
12070024,DEUTDEDB182
12070024,DEUTDEDB183
12070024,DEUTDEDB184
12070024,DEUTDEDB185
12070024,DEUTDEDB186
12070024,DEUTDEDB187
12070024,DEUTDEDB188
12070024,DEUTDEDB189
12070070,DEUTDEFFVAC
12070088,DEUTDEDBPAL
12070400,DEUTDEBBP33
12070424,DEUTDEDBP33
12080000,DRESDEFF120
12096597,GENODEF1S10
13000000,MARKDEF1130
13040000,COBADEFFXXX
13050000,NOLADE21ROS
13051042,NOLADE21RUE
13061008,GENODEF1WOG
13061078,GENODEF1HWI
13061088,GENODEF1HWR
13061128,GENODEF1DBR
13070000,DEUTDEBB130
13070000,DEUTDEBB131
13070000,DEUTDEBB132
13070000,DEUTDEBB140
13070000,DEUTDEBB141
13070000,DEUTDEBB142
13070000,DEUTDEBB143
13070000,DEUTDEBB144
13070000,DEUTDEBB145
13070000,DEUTDEBB146
13070000,DEUTDEBB147
13070000,DEUTDEBB148
13070000,DEUTDEBB149
13070000,DEUTDEBB150
13070000,DEUTDEBB151
13070000,DEUTDEBB152
13070000,DEUTDEBB153
13070000,DEUTDEBB154
13070000,DEUTDEBB155
13070000,DEUTDEBB156
13070000,DEUTDEBB157
13070000,DEUTDEBB158
13070000,DEUTDEBB159
13070000,DEUTDEBB179
13070000,DEUTDEBR131
13070000,DEUTDEBR132
13070000,DEUTDEBR133
13070000,DEUTDEBR134
13070000,DEUTDEBR135
13070000,DEUTDEBR136
13070000,DEUTDEBR137
13070000,DEUTDEBR138
13070000,DEUTDEBRXXX
13070024,DEUTDEDB128
13070024,DEUTDEDB130
13070024,DEUTDEDB131
13070024,DEUTDEDB132
13070024,DEUTDEDB133
13070024,DEUTDEDB134
13070024,DEUTDEDB135
13070024,DEUTDEDB136
13070024,DEUTDEDB137
13070024,DEUTDEDB138
13070024,DEUTDEDB140
13070024,DEUTDEDB141
13070024,DEUTDEDB142
13070024,DEUTDEDB143
13070024,DEUTDEDB144
13070024,DEUTDEDB145
13070024,DEUTDEDB146
13070024,DEUTDEDB147
13070024,DEUTDEDB148
13070024,DEUTDEDB149
13070024,DEUTDEDB150
13070024,DEUTDEDB151
13070024,DEUTDEDB152
13070024,DEUTDEDB153
13070024,DEUTDEDB154
13070024,DEUTDEDB155
13070024,DEUTDEDB156
13070024,DEUTDEDB157
13070024,DEUTDEDB158
13070024,DEUTDEDB159
13070024,DEUTDEDB179
13070024,DEUTDEDBROS
13070405,DEUTDEBBP35
13070424,DEUTDEDBP35
13080000,DRESDEFF130
13090000,GENODEF1HR1
13091054,GENODEF1HST
13091084,GENODEF1HWV
14040000,COBADEFFXXX
14051000,NOLADE21WIS
14051362,NOLADE21PCH
14051462,NOLADE21SNS
14052000,NOLADE21LWL
14061308,GENODEF1GUE
14061438,GENODEF1GDB
14080000,DRESDEFF140
14080011,DRESDEFFI27
14091464,GENODEF1SN1
15000000,MARKDEF1150
15040068,COBADEFFXXX
15050100,NOLADE21WRN
15050200,NOLADE21NBS
15050400,NOLADE21PSW
15050500,NOLADE21GRW
15051732,NOLADE21MST
15061618,GENODEF1WRN
15061638,GENODEF1ANK
15061698,GENODEF1MAL
15080000,DRESDEFF150
15091674,GENODEF1DM1
15091704,GENODEF1PZ1
16010300,ILBXDE8XXXX
16020086,HYVEDEMM470
16040000,COBADEFFXXX
16050000,WELADED1PMB
16050101,WELADED1PRP
16050202,WELADED1OPR
16050500,LBSODEB1XXX
16060122,GENODEF1PER
16061938,GENODEF1NPP
16062008,GENODEF1LUK
16062073,GENODEF1BRB
16080000,DRESDEFF160
16091994,GENODEF1RN1
17020086,HYVEDEMM471
17040000,COBADEFFXXX
17052000,WELADED1GZE
17052302,WELADED1UMX
17054040,WELADED1MOL
17055050,WELADED1LOS
17056060,WELADED1UMP
17062428,GENODEF1BKW
17080000,DRESDEFF170
17092404,GENODEF1FW1
18020086,HYVEDEMM472
18040000,COBADEFFXXX
18050000,WELADED1CBN
18051000,WELADED1EES
18055000,WELADED1OSL
18062678,GENODEF1FWA
18062758,GENODEF1FOR
18080000,DRESDEFF180
18092684,GENODEF1LN1
18092744,GENODEF1SPM
20000000,MARKDEF1200
20010020,PBNKDEFFXXX
20010424,AARBDE5W200
20020200,ESSEDEFFHAM
20020500,JYBADEHHXXX
20020900,SIBSDEHHXXX
20030000,HYVEDEMM300
20030133,VGAGDEHHXXX
20030300,CHDBDEHHXXX
20030301,CHDBDEHHXXX
20030400,MCRDDEHHXXX
20030600,SYBKDE22HAM
20030700,MEFIDEMM200
20040000,COBADEHHXXX
20040005,COBADEHHXXX
20040020,COBADEFFXXX
20040040,COBADEFFXXX
20040048,COBADEFFXXX
20040050,COBADEFFXXX
20040060,COBADEFFXXX
20040061,COBADEFFXXX
20040062,COBADEFFXXX
20040063,COBADEFFXXX
20041111,COBADEHDXXX
20041133,COBADEHD001
20041144,COBADEHD044
20041155,COBADEHD055
20041166,COBADEHD066
20041177,COBADEHD077
20041188,COBADEHD088
20041199,COBADEHD099
20050550,HASPDEHHXXX
20060000,GENODEFF200
20069111,GENODEF1NDR
20069125,GENODEF1KLK
20069130,GENODEF1BBR
20069144,GENODEF1SST
20069177,GENODEF1GRS
20069232,GENODEF1STV
20069641,GENODEF1OWS
20069780,GENODEF1AST
20069782,GENODEF1APE
20069786,GENODEF1DRO
20069800,GENODEF1HAA
20069812,GENODEF1FRB
20069815,GENODEF1815
20069861,GENODEF1RRZ
20069882,GENODEF1RLT
20069965,GENODEF1WIM
20069989,GENODEF1WUL
20070000,DEUTDEHH200
20070000,DEUTDEHH201
20070000,DEUTDEHH202
20070000,DEUTDEHH203
20070000,DEUTDEHH204
20070000,DEUTDEHH205
20070000,DEUTDEHH206
20070000,DEUTDEHH207
20070000,DEUTDEHH209
20070000,DEUTDEHH211
20070000,DEUTDEHH213
20070000,DEUTDEHH219
20070000,DEUTDEHH221
20070000,DEUTDEHH241
20070000,DEUTDEHHXXX
20070024,DEUTDEDB200
20070024,DEUTDEDB201
20070024,DEUTDEDB202
20070024,DEUTDEDB203
20070024,DEUTDEDB204
20070024,DEUTDEDB205
20070024,DEUTDEDB206
20070024,DEUTDEDB207
20070024,DEUTDEDB209
20070024,DEUTDEDB211
20070024,DEUTDEDB213
20070024,DEUTDEDB219
20070024,DEUTDEDB221
20070024,DEUTDEDB241
20070024,DEUTDEDBHAM
20070404,DEUTDEHHP34
20070424,DEUTDEDBP34
20080000,DRESDEFF200
20080055,DRESDEFF207
20080057,DRESDEFF208
20080085,DRESDEFFI56
20080086,DRESDEFFI63
20080087,DRESDEFFI64
20080088,DRESDEFFI74
20080089,DRESDEFFI75
20080091,DRESDEFFJ33
20080092,DRESDEFFJ34
20080093,DRESDEFFJ35
20080094,DRESDEFFJ36
20080095,DRESDEFFJ37
20089200,DRESDEFFI06
20090400,DGHYDEH1XXX
20090700,EDEKDEHHXXX
20090745,EDEKDEHHXXX
20090900,GENODEF1P08
20110022,PBNKDEFFXXX
20110700,BOTKDEH1XXX
20110800,BKCHDEFFHMB
20120000,BEGODEHHXXX
20120100,WBWCDEHHXXX
20120200,BHFBDEFF200
20120400,DRBKDEH1XXX
20120520,BFSWDE33HAN
20120600,GOGODEH1XXX
20120700,HSTBDEHHXXX
20130400,GREBDEH1XXX
20130600,BARCDEHAXXX
20133300,SCFBDE33XXX
20190003,GENODEF1HH2
20190077,GENODEF1HH2
20190109,GENODEF1HH4
20190206,GENODEF1HH1
20190301,GENODEF1HH3
20190800,GENODEF1MKB
20210200,MELIDEHHXXX
20210300,SIHRDEH1HAM
20220100,DNBADEHXXXX
20220800,SXPYDEHHXXX
20230300,OSCBDEH1XXX
20230600,ISBKDEFXXXX
20230800,MHSBDEHBXXX
20310300,EIHBDEHHXXX
20690500,GENODEF1S11
20730001,HYVEDEMME01
20730002,HYVEDEMME02
20730003,HYVEDEMME03
20730004,HYVEDEMME04
20730005,HYVEDEMME05
20730006,HYVEDEMME06
20730007,HYVEDEMME07
20730008,HYVEDEMME08
20730009,HYVEDEMME09
20730010,HYVEDEMME10
20730011,HYVEDEMME11
20730012,HYVEDEMME12
20730013,HYVEDEMME13
20730014,HYVEDEMME14
20730015,HYVEDEMME15
20730016,HYVEDEMME16
20730017,HYVEDEMME17
20730018,HYVEDEMME18
20730019,HYVEDEMME19
20730020,HYVEDEMME20
20730021,HYVEDEMME21
20730022,HYVEDEMME22
20730023,HYVEDEMME23
20730024,HYVEDEMME24
20730025,HYVEDEMME25
20730026,HYVEDEMME26
20730027,HYVEDEMME27
20730028,HYVEDEMME28
20730029,HYVEDEMME29
20730030,HYVEDEMME30
20730031,HYVEDEMME31
20730032,HYVEDEMME32
20730033,HYVEDEMME33
20730034,HYVEDEMME34
20730035,HYVEDEMME35
20730036,HYVEDEMME36
20730037,HYVEDEMME37
20730038,HYVEDEMME38
20730039,HYVEDEMME39
20730040,HYVEDEMME40
20730041,HYVEDEMME41
20730042,HYVEDEMME42
20730043,HYVEDEMME43
20730044,HYVEDEMME44
20730045,HYVEDEMME45
20730046,HYVEDEMME46
20730047,HYVEDEMME47
20730048,HYVEDEMME48
20730049,HYVEDEMME49
20730050,HYVEDEMME50
20730052,HYVEDEMME52
20730055,HYVEDEMME55
20730056,HYVEDEMME56
20730057,HYVEDEMME57
20730058,HYVEDEMME58
20730059,HYVEDEMME59
20730060,HYVEDEMME60
20730061,HYVEDEMME61
20730062,HYVEDEMME62
20730063,HYVEDEMME63
20730064,HYVEDEMME64
20730065,HYVEDEMME65
20730066,HYVEDEMME66
20730067,HYVEDEMME67
20730068,HYVEDEMME68
20730069,HYVEDEMME69
20730070,HYVEDEMME70
20730071,HYVEDEMME71
20730072,HYVEDEMME72
20730073,HYVEDEMME73
20730074,HYVEDEMME74
20730075,HYVEDEMME75
20730076,HYVEDEMME76
20730077,HYVEDEMME77
20730078,HYVEDEMME78
20730079,HYVEDEMME79
20730080,HYVEDEMME80
20730081,HYVEDEMME81
20730082,HYVEDEMME82
20730083,HYVEDEMME83
20730084,HYVEDEMME84
20730085,HYVEDEMME85
20730086,HYVEDEMME86
20730087,HYVEDEMME87
20730088,HYVEDEMME88
20730089,HYVEDEMME89
20730090,HYVEDEMME90
20730091,HYVEDEMME91
20730092,HYVEDEMME92
20730093,HYVEDEMME93
20730094,HYVEDEMME94
20730095,HYVEDEMME95
20730096,HYVEDEMME96
20730097,HYVEDEMME97
20730098,HYVEDEMME98
20730099,HYVEDEMME99
20750000,NOLADE21HAM
21020600,SYBKDE22KIE
21040010,COBADEFFXXX
21042076,COBADEFFXXX
21050000,HSHNDEHHXXX
21050055,HHDBDEH2XXX
21050170,NOLADE21KIE
21051275,NOLADE21BOR
21051580,NOLADE21PLN
21052090,NOLADE21ECK
21070020,DEUTDEHH210
21070020,DEUTDEHH214
21070024,DEUTDEDB210
21070024,DEUTDEDB214
21080050,DRESDEFF210
21089201,DRESDEFFI07
21090007,GENODEF1KIL
21090099,GENODEF1KIL
21090900,GENODEF1P11
21092023,GENODEF1EFO
21240040,COBADEFFXXX
21241540,COBADEFFXXX
21270020,DEUTDEHH212
21270024,DEUTDEDB212
21280002,DRESDEFF212
21290016,GENODEF1NMS
21340010,COBADEFFXXX
21352240,NOLADE21HOL
21390008,GENODEF1NSH
21392218,GENODEF1EUT
21440045,COBADEFFXXX
21450000,NOLADE21RDB
21451205,NOLADE21BDF
21452030,NOLADE21HWS
21463603,GENODEF1NTO
21464671,GENODEF1TOB
21480003,DRESDEFF214
21510600,SYBKDE22XXX
21520100,UNBNDE21XXX
21540060,COBADEFFXXX
21565316,GENODEF1HDW
21570011,DEUTDEHH215
21570011,DEUTDEHH216
21570024,DEUTDEDB215
21570024,DEUTDEDB216
21570202,DEUTDEHHP01
21570224,DEUTDEDBP01
21580000,DRESDEFF215
21661719,GENODEF1RSL
21690020,GENODEF1SLW
21740043,COBADEFFXXX
21741674,COBADEFFXXX
21741825,COBADEFFXXX
21750000,NOLADE21NOS
21751230,NOLADE21BRD
21762550,GENODEF1HUM
21763542,GENODEF1BDS
21770011,DEUTDEHH217
21770024,DEUTDEDB217
21791805,GENODEF1SYL
21791906,GENODEF1WYK
21840078,COBADEFFXXX
21841328,COBADEFFXXX
21852310,NOLADE21WEB
21860418,GENODEF1RHE
21890022,GENODEF1DVR
22140028,COBADEFFXXX
22141028,COBADEFFXXX
22141428,COBADEFFXXX
22141628,COBADEFFXXX
22150000,NOLADE21ELH
22151730,NOLADE21WED
22163114,GENODEF1HTE
22180000,DRESDEFF221
22181400,DRESDEFF206
22190030,GENODEF1ELM
22191405,GENODEF1PIN
22240073,COBADEFFXXX
22250020,NOLADE21WHO
22280000,DRESDEFF201
22290031,GENODEF1VIT
23040022,COBADEFFXXX
23050101,NOLADE21SPL
23051030,NOLADE21SHO
23052750,NOLADE21RZB
23061220,GENODEF1LZN
23062124,GENODEF1BAR
23063129,GENODEF1RLB
23064107,GENODEF1BCH
23070203,DEUTDEHHP02
23070224,DEUTDEDBP02
23070700,DEUTDEDB237
23070710,DEUTDEHH222
23080040,DRESDEFF230
23089201,DRESDEFFI08
23090142,GENODEF1HLU
24040000,COBADEFFXXX
24050110,NOLADE21LBG
24060300,GENODEF1NBU
24061392,GENODEF1DAB
24070024,DEUTDEDB240
24070024,DEUTDEDB242
24070075,DEUTDE2H240
24070075,DEUTDE2H241
24070324,DEUTDEDBP22
24070368,DEUTDE2HP22
24080000,DRESDEFF240
24090041,GENODEF1LUE
24121000,GENODED1RKI
24140041,COBADEFFXXX
24150001,BRLADE21CUX
24151005,NOLADE21STS
24151116,NOLADE21STK
24151235,BRLADE21ROB
24161594,GENODEF1SIT
24162898,GENODEF1LAS
24180000,DRESDEFF242
24180001,DRESDEFF241
24191015,GENODEF1SDE
25000000,MARKDEF1250
25010030,PBNKDEFFXXX
25010424,AARBDE5W250
25010600,DEHYDE2HXXX
25010900,CKVHDE21XXX
25020200,BHFBDEFF250
25020600,SCFBDE33XXX
25040060,COBADEFFXXX
25040061,COBADEFFXXX
25040066,COBADEFFXXX
25050000,NOLADE2HXXX
25050055,NOLADE21CSH
25050066,NOLADE21CMV
25050180,SPKHDE2HXXX
25055500,NOLADE21LBS
25060000,GENODEFF250
25060000,GENODEFF280
25060180,HALLDE2HXXX
25069168,GENODEF1DES
25069262,GENODEF1NST
25069270,GENODEF1MUA
25069503,GENODEF1BNT
25070024,DEUTDEDB243
25070024,DEUTDEDB250
25070024,DEUTDEDB251
25070024,DEUTDEDB252
25070024,DEUTDEDB256
25070024,DEUTDEDB258
25070024,DEUTDEDB931
25070024,DEUTDEDB932
25070024,DEUTDEDB933
25070024,DEUTDEDBHAN
25070066,DEUTDE2H265
25070070,DEUTDE2H250
25070070,DEUTDE2H252
25070070,DEUTDE2H282
25070070,DEUTDE2H283
25070070,DEUTDE2HXXX
25070077,DEUTDE2H256
25070084,DEUTDE2H258
25070084,DEUTDE2H284
25070086,DEUTDE2H251
25070324,DEUTDEDBP24
25070370,DEUTDE2HP24
25080020,DRESDEFF250
25080085,DRESDEFFI65
25089220,DRESDEFFI09
25090300,GENODEF1BFS
25090500,GENODEF1S09
25090900,GENODEF1P09
25120510,BFSWDE33HAN
25151270,NOLADE21BAH
25151371,NOLADE21BUF
25152375,NOLADE21WAL
25152490,NOLADE21WST
25190001,VOHADE2HXXX
25190088,VOHADE2HXXX
25193331,GENODEF1PAT
25250001,NOLADE21PEI
25260010,GENODEF1PEV
25410200,BHWBDE2HXXX
25440047,COBADEFFXXX
25450001,NOLADE21HMS
25450110,NOLADE21SWB
25451345,NOLADE21PMT
25462160,GENODEF1HMP
25462680,GENODEF1COP
25470024,DEUTDEDB254
25470024,DEUTDEDB255
25470073,DEUTDE2H254
25471024,DEUTDEDB264
25471073,DEUTDE2H264
25480021,DRESDEFF254
25491273,GENODED1AEZ
25541426,COBADEFFXXX
25551480,NOLADE21SHG
25591413,GENODEF1BCK
25621327,OLBODEH2XXX
25641302,COBADEFFXXX
25650106,NOLADE21NIB
25651325,BRLADE21DHZ
25662540,GENODEF1STY
25663584,GENODEF1HOY
25690009,GENODEF1NIN
25691633,GENODEF1SUL
25691699,GENODEF1SUL
25740061,COBADEFFXXX
25750001,NOLADE21CEL
25761894,GENODEF1WIK
25770024,DEUTDEDB257
25770069,DEUTDE2H257
25780022,DRESDEFF257
25791516,GENODEF1HKB
25791635,GENODEF1HMN
25840048,COBADEFFXXX
25841403,COBADEFFXXX
25841708,COBADEFFXXX
25850110,NOLADE21UEL
25851660,NOLADE21SOL
25861990,GENODEF1CLZ
25862292,GENODEF1EUB
25863489,GENODEF1WOT
25891636,GENODEF1SOL
25940033,COBADEFFXXX
25950001,NOLADE21HIS
25950130,NOLADE21HIK
25970024,DEUTDEDB259
25970074,DEUTDE2H259
25971024,DEUTDEDB253
25971024,DEUTDEDB261
25971071,DEUTDE2H253
25971071,DEUTDE2H261
25980027,DRESDEFF259
25990011,GENODEF1HIH
25991528,GENODEF1SLD
26000000,MARKDEF1260
26040030,COBADEFFXXX
26050001,NOLADE21GOE
26051260,NOLADE21DUD
26061291,GENODEF1DUD
26061556,GENODEF1ADE
26062433,GENODEF1DRA
26070024,DEUTDEDB260
26070024,DEUTDEDB263
26070072,DEUTDE2H260
26070072,DEUTDE2H263
26080024,DRESDEFF260
26090050,GENODEF1GOE
26240039,COBADEFFXXX
26250001,NOLADE21NOM
26251425,NOLADE21EIN
26261492,GENODEF1EIN
26261693,GENODEF1HDG
26271424,DEUTDEDB262
26271471,DEUTDE2H262
26280020,DRESDEFF261
26281420,DRESDEFF262
26340056,COBADEFFXXX
26341072,COBADEFFXXX
26351015,NOLADE21HZB
26351445,NOLADE21SAC
26500000,MARKDEF1265
26520017,OLBODEH2XXX
26521703,OLBODEH2XXX
26522319,OLBODEH2XXX
26540070,COBADEFFXXX
26550105,NOLADE22XXX
26551540,NOLADE21BEB
26552286,NOLADE21MEL
26562490,GENODEF1HTR
26563960,GENODEF1WHO
26565928,GENODEF1HGM
26566939,GENODEF1MRZ
26567943,GENODEF1NOP
26570024,DEUTDEDB265
26570024,DEUTDEDB266
26570024,DEUTDEDB921
26570024,DEUTDEDB922
26570024,DEUTDEDB923
26570024,DEUTDEDB924
26570024,DEUTDEDB925
26570090,DEUTDE3B265
26570090,DEUTDE3B266
26570090,DEUTDE3B268
26570090,DEUTDE3B269
26570090,DEUTDE3B270
26570090,DEUTDE3B271
26570090,DEUTDE3B272
26580070,DRESDEFF265
26589210,DRESDEFFI10
26590025,GENODEF1OSV
26620010,OLBODEH2XXX
26621413,OLBODEH2XXX
26640049,COBADEFFXXX
26650001,NOLADE21EMS
26660060,GENODEF1LIG
26661380,GENODEF1HLN
26661494,GENODEF1MEP
26662932,GENODEF1LEN
26691213,GENODEF1HAR
26720028,OLBODEH2XXX
26740044,COBADEFFXXX
26750001,NOLADE21NOH
26760005,GENODEF1NDH
26770024,DEUTDEDB267
26770024,DEUTDEDB926
26770024,DEUTDEDB927
26770024,DEUTDEDB928
26770095,DEUTDE3B267
26770095,DEUTDE3B273
26770095,DEUTDE3B274
26770095,DEUTDE3B275
26840032,COBADEFFXXX
26850001,NOLADE21GSL
26851410,NOLADE21CLZ
26851620,NOLADE21SZG
26870024,DEUTDEDB268
26870024,DEUTDEDB929
26870024,DEUTDEDB934
26870032,DEUTDE2H268
26870032,DEUTDE2H280
26870032,DEUTDE2H285
26880063,DRESDEFF268
26890019,GENODEF1VNH
26891484,GENODEF1OHA
26941053,COBADEFFXXX
26951311,NOLADE21GFW
26971024,DEUTDEDB269
26971038,DEUTDE2H269
26981062,DRESDEFF269
26989221,DRESDEFFI11
26991066,GENODEF1WOB
27020000,VOWADE2BXXX
27020001,AUDFDE21XXX
27020003,SKODDE21XXX
27020004,ECBKDE21XXX
27020800,SEATDE21XXX
27032500,BCLSDE21XXX
27040080,COBADEFFXXX
27062290,GENODEF1BOH
27070024,DEUTDEDB270
27070024,DEUTDEDB271
27070024,DEUTDEDB272
27070024,DEUTDEDB273
27070024,DEUTDEDB274
27070024,DEUTDEDB275
27070024,DEUTDEDB278
27070024,DEUTDEDB279
27070024,DEUTDEDB930
27070030,DEUTDE2H270
27070031,DEUTDE2H271
27070034,DEUTDE2H274
27070034,DEUTDE2H278
27070034,DEUTDE2H281
27070041,DEUTDE2H279
27070042,DEUTDE2H272
27070043,DEUTDE2H273
27070079,DEUTDE2H275
27070324,DEUTDEDBP23
27070369,DEUTDE2HP23
27072524,DEUTDEDB277
27072537,DEUTDE2H277
27072724,DEUTDEDB276
27072736,DEUTDE2H276
27080060,DRESDEFF270
27089221,DRESDEFFI12
27090900,GENODEF1P02
27092555,GENODEF1WFV
27131300,GENODEF1RTS
27240004,COBADEFFXXX
27290087,GENODEF1HMV
27893359,GENODEF1BLG
27893760,GENODEF1SES
28000000,MARKDEF1280
28020050,OLBODEH2XXX
28021002,OLBODEH2XXX
28021301,OLBODEH2XXX
28021504,OLBODEH2XXX
28021623,OLBODEH2XXX
28021705,OLBODEH2XXX
28021906,OLBODEH2XXX
28022015,OLBODEH2XXX
28022412,OLBODEH2XXX
28022511,OLBODEH2XXX
28022620,OLBODEH2XXX
28022822,OLBODEH2XXX
28023224,OLBODEH2XXX
28023325,OLBODEH2XXX
28030300,FORTDEH4XXX
28040046,COBADEFFXXX
28042865,COBADEFFXXX
28050100,SLZODE22XXX
28060228,GENODEF1OL2
28061410,GENODEF1BRN
28061501,GENODEF1CLP
28061679,GENODEF1DAM
28061822,GENODEF1EDE
28062165,GENODEF1RSE
28062249,GENODEF1HUD
28062299,GENODEF1HUD
28062560,GENODEF1LON
28062740,GENODEF1GBH
28062913,GENODEF1BSL
28063253,GENODEF1WRE
28063526,GENODEF1ESO
28063607,GENODEF1BAM
28064179,GENODEF1VEC
28064241,GENODEF1NHE
28065061,GENODEF1LOG
28065108,GENODEF1DIK
28065286,GENODEF1SAN
28066103,GENODEF1VIS
28066214,GENODEF1WDH
28066620,GENODEF1FOY
28067068,GENODEF1NEO
28067170,GENODEF1GSC
28067257,GENODEF1LAP
28068218,GENODEF1BUT
28069052,GENODEF1ORF
28069092,GENODEF1HAT
28069109,GENODEF1EMK
28069128,GENODEF1GRR
28069138,GENODEF1VAG
28069293,GENODEF1BBH
28069381,GENODEF1WLT
28069706,GENODEF1BOG
28069755,GENODEF1MLO
28069773,GENODEF1WWM
28069878,GENODEF1KBL
28069926,GENODEF1HOO
28069935,GENODEF1LRU
28069956,GENODEF1NEV
28069991,GENODEF1LTH
28069994,GENODEF1SPL
28070024,DEUTDEDB280
28070024,DEUTDEDB281
28070057,DEUTDEHB280
28070057,DEUTDEHB281
28220026,OLBODEH2XXX
28222208,OLBODEH2XXX
28222621,OLBODEH2XXX
28240023,COBADEFFXXX
28250110,BRLADE21WHV
28252760,BRLADE21WTM
28262254,GENODEF1JEV
28262673,GENODEF1VAR
28270024,DEUTDEDB282
28270024,DEUTDEDB283
28270056,DEUTDEHB282
28270056,DEUTDEHB283
28280012,DRESDEFF282
28290063,GENODEF1WHV
28291551,GENODEF1ESE
28320014,OLBODEH2XXX
28321816,OLBODEH2XXX
28350000,BRLADE21ANO
28361592,GENODEF1MAR
28420007,OLBODEH2XXX
28421030,OLBODEH2XXX
28440037,COBADEFFXXX
28450000,BRLADE21EMD
28470024,DEUTDEDB284
28470024,DEUTDEDB286
28470024,DEUTDEDB289
28470024,DEUTDEDB298
28470091,DEUTDEHB284
28470091,DEUTDEHB286
28470091,DEUTDEHB289
28470091,DEUTDEHB298
28520009,OLBODEH2XXX
28521518,OLBODEH2XXX
28540034,COBADEFFXXX
28550000,BRLADE21LER
28562297,GENODEF1UPL
28562716,GENODEF1WEF
28562863,GENODEF1HTL
28563749,GENODEF1MML
28570024,DEUTDEDB285
28570024,DEUTDEDB287
28570024,DEUTDEDB288
28570092,DEUTDEHB285
28570092,DEUTDEHB287
28570092,DEUTDEHB288
28590075,GENODEF1LER
28591579,GENODEF1PAP
28591654,GENODEF1WRH
29020000,NEELDE22XXX
29030400,PLUMDE29XXX
29040060,COBADEFFXXX
29040061,COBADEFFXXX
29040090,COBADEFFXXX
29050000,BRLADE22OLD
29050000,BRLADE22XXX
29050101,SBREDE22XXX
29070024,DEUTDEDB290
29070024,DEUTDEDB292
29070024,DEUTDEDB293
29070024,DEUTDEDB294
29070024,DEUTDEDB295
29070024,DEUTDEDB296
29070024,DEUTDEDB297
29070024,DEUTDEDBBRE
29070050,DEUTDEHB295
29070050,DEUTDEHB297
29070050,DEUTDEHBXXX
29070051,DEUTDEHB292
29070052,DEUTDEHB294
29070058,DEUTDEHB293
29070059,DEUTDEHB290
29070059,DEUTDEHB296
29070324,DEUTDEDBP21
29070367,DEUTDEHBP21
29080010,DRESDEFF290
29089210,DRESDEFFI13
29090900,GENODEF1P03
29121731,OLBODEH2XXX
29151700,BRLADE21SYK
29152300,BRLADE21OHZ
29152550,BRLADE21SHL
29152670,BRLADE21VER
29162394,GENODEF1OHZ
29162453,GENODEF1SWW
29162697,GENODEF1VER
29165545,GENODEF1OYT
29165681,GENODEF1SUM
29166568,GENODEF1WOP
29167624,GENODEF1SHR
29172624,DEUTDEDB291
29172655,DEUTDEHB291
29190024,GENODEF1HB1
29190330,GENODEF1HB2
29190399,GENODEF1HB2
29240024,COBADEFFXXX
29250000,BRLADE21BRS
29250150,BRLADE21BRK
29262722,GENODEF1BRV
29265747,GENODEF1BEV
29280011,DRESDEFF292
29290034,GENODEF1HBV
30000000,MARKDEF1300
30010400,IKBDDEDDXXX
30010444,IKBDDEDDDIR
30010700,BOTKDEDXXXX
30013300,EBPBDED2XXX
30020500,BHFBDEFF300
30020700,MHCBDEDDXXX
30020900,CMCIDEDDXXX
30022000,NRWBDEDMXXX
30030100,PULSDEDDXXX
30030500,CUABDED1XXX
30030600,ETRIDE31XXX
30030880,TUBDDEDDXXX
30030889,TUBDDEDDXXX
30030900,MEFIDEMM300
30040000,COBADEDDXXX
30040005,COBADEDDXXX
30040048,COBADEFFXXX
30040060,COBADEFFXXX
30040061,COBADEFFXXX
30040062,COBADEFFXXX
30040063,COBADEFFXXX
30040098,COBADEFFCSC
30040099,COBADEFFSTS
30050000,WELADEDDXXX
30050110,DUSSDEDDXXX
30060010,GENODEDDXXX
30060601,DAAEDEDDXXX
30060992,GENODEF1P05
30070010,DEUTDEDD300
30070010,DEUTDEDD301
30070010,DEUTDEDD302
30070010,DEUTDEDD303
30070010,DEUTDEDD304
30070010,DEUTDEDD305
30070010,DEUTDEDD306
30070010,DEUTDEDD307
30070010,DEUTDEDDXXX
30070024,DEUTDEDB300
30070024,DEUTDEDB301
30070024,DEUTDEDB302
30070024,DEUTDEDB303
30070024,DEUTDEDB304
30070024,DEUTDEDB305
30070024,DEUTDEDB306
30070024,DEUTDEDB307
30070024,DEUTDEDBDUE
30070207,DEUTDEDDP06
30070224,DEUTDEDBP06
30080000,DRESDEFF300
30080005,DRESDEFFXXX
30080022,DRESDEFFI28
30080038,DRESDEFFXXX
30080041,DRESDEFFI29
30080053,DRESDEFFI30
30080055,DRESDEFF309
30080057,DRESDEFF316
30080061,DRESDEFFI31
30080074,DRESDEFFI32
30080080,DRESDEFFI76
30080081,DRESDEFFI77
30080082,DRESDEFFI78
30080083,DRESDEFFI79
30080084,DRESDEFFI80
30080085,DRESDEFFI81
30080086,DRESDEFFI82
30080087,DRESDEFFI83
30080088,DRESDEFFI84
30080089,DRESDEFFI85
30080095,DRESDEFFI33
30089300,DRESDEFFI02
30089302,DRESDEFFI03
30110300,SMBCDEDDXXX
30130100,DHBNDEDDXXX
30130200,UGBIDEDDXXX
30130600,ISBKDEFXDUS
30150001,WELADEDDXXX
30150200,WELADED1KSD
30160213,GENODED1DNE
30160266,GENODED1DNE
30220190,HYVEDEMM414
30330800,BIWBDE33303
30351220,WELADED1HAA
30520000,RCIDDE3NXXX
30520037,RCIDDE3NPAY
30524400,KREDDEDDXXX
30530000,WERHDED1XXX
30530500,WEFZDED1XXX
30550000,WELADEDNXXX
30551240,WELADED1KST
30560090,GENODED1NSS
30560548,GENODED1NLD
30560591,GENODED1NLD
31010833,SCFBDE33XXX
31040015,COBADEFFXXX
31040060,COBADEFFXXX
31040061,COBADEFFXXX
31050000,MGLSDE33XXX
31060181,GENODED1GBM
31060517,GENODED1MRB
31062154,GENODED1KBN
31062553,GENODED1NKR
31070001,DEUTDEDD310
31070001,DEUTDEDD317
31070001,DEUTDEDD318
31070001,DEUTDEDD319
31070024,DEUTDEDB310
31070024,DEUTDEDB317
31070024,DEUTDEDB318
31070024,DEUTDEDB319
31070206,DEUTDEDDP05
31070224,DEUTDEDBP05
31080015,DRESDEFF310
31080061,DRESDEFFI34
31251220,WELADED1ERK
31261282,GENODED1EHE
31263359,GENODED1LOE
31460290,GENODED1VSN
31470004,DEUTDEDD314
31470004,DEUTDEDD315
31470004,DEUTDEDD316
31470024,DEUTDEDB314
31470024,DEUTDEDB315
31470024,DEUTDEDB316
32040024,COBADEFFXXX
32050000,SPKRDE33XXX
32051996,WELADED1STR
32060362,GENODED1HTK
32061384,GENODED1GDL
32061414,GENODED1KMP
32070024,DEUTDEDB320
32070024,DEUTDEDB321
32070024,DEUTDEDB322
32070024,DEUTDEDB323
32070024,DEUTDEDB327
32070024,DEUTDEDB328
32070024,DEUTDEDB329
32070024,DEUTDEDB936
32070080,DEUTDEDD320
32070080,DEUTDEDD321
32070080,DEUTDEDD322
32070080,DEUTDEDD323
32070080,DEUTDEDD327
32070080,DEUTDEDD328
32070080,DEUTDEDD329
32070080,DEUTDEDD331
32080010,DRESDEFF320
32250050,WELADED1GOC
32440023,COBADEFFXXX
32450000,WELADED1KLE
32460422,GENODED1KLL
32470024,DEUTDEDB324
32470024,DEUTDEDB325
32470024,DEUTDEDB326
32470077,DEUTDEDD324
32470077,DEUTDEDD325
32470077,DEUTDEDD326
33020000,AKFBDE31XXX
33020190,HYVEDEMM809
33030000,GGABDE31XXX
33040001,COBADEFFXXX
33040310,COBADEDHXXX
33050000,WUPSDE33XXX
33060098,GENODED1CVW
33060592,GENODED1SPW
33070024,DEUTDEDB330
33070024,DEUTDEDB331
33070024,DEUTDEDB332
33070024,DEUTDEDB333
33070024,DEUTDEDB334
33070024,DEUTDEDB335
33070024,DEUTDEDBWUP
33070090,DEUTDEDW330
33070090,DEUTDEDW331
33070090,DEUTDEDW332
33070090,DEUTDEDW333
33070090,DEUTDEDW334
33070090,DEUTDEDW335
33070090,DEUTDEDWXXX
33080001,DRESDEFFI86
33080030,DRESDEFF332
33080085,DRESDEFFI87
33080086,DRESDEFFI88
33080087,DRESDEFFI89
33080088,DRESDEFFI90
33440035,COBADEFFXXX
33450000,WELADED1VEL
33451220,WELADED1HGH
34040049,COBADEFFXXX
34050000,WELADEDRXXX
34051350,WELADED1RVW
34051570,WELADED1WMK
34060094,VBRSDE33XXX
34060094,VBRSDE33305
34060094,VBRSDE33330
34060094,VBRSDE33341
34060094,VBRSDE33342
34060094,VBRSDE33343
34060094,VBRSDE33345
34060094,VBRSDE33346
34060094,VBRSDE33347
34070024,DEUTDEDB340
34070024,DEUTDEDB341
34070024,DEUTDEDB344
34070024,DEUTDEDB345
34070024,DEUTDEDB346
34070093,DEUTDEDW340
34070093,DEUTDEDW341
34070093,DEUTDEDW344
34070093,DEUTDEDW345
34070093,DEUTDEDW346
34080031,DRESDEFF340
34240050,COBADEFFXXX
34250000,SOLSDE33XXX
34270024,DEUTDEDB342
34270024,DEUTDEDB343
34270094,DEUTDEDW342
34270094,DEUTDEDW343
34280032,DRESDEFF342
35040038,COBADEFFXXX
35040085,COBADEFFXXX
35050000,DUISDE33XXX
35060190,GENODED1DKD
35060199,GENODED1DKD
35060386,GENODED1VRR
35070024,DEUTDEDB350
35070024,DEUTDEDB351
35070024,DEUTDEDB352
35070024,DEUTDEDB354
35070024,DEUTDEDB356
35070030,DEUTDEDE350
35070030,DEUTDEDE351
35070030,DEUTDEDE352
35070030,DEUTDEDE354
35070030,DEUTDEDE356
35080070,DRESDEFF350
35080085,DRESDEFFI91
35080086,DRESDEFFI92
35080087,DRESDEFFI93
35080088,DRESDEFFI94
35080089,DRESDEFFI95
35090300,GENODEF1BSD
35251000,WELADED1DIN
35261248,GENODED1DLK
35450000,WELADED1MOR
35451460,WELADED1NVL
35451775,WELADED1RHB
35461106,GENODED1NRH
35640064,COBADEFFXXX
35650000,WELADED1WES
35660501,GENODED1RLW
35660599,GENODED1RLW
35850000,WELADED1EMR
35860245,GENODED1EMR
36000000,MARKDEF1360
36010043,PBNKDEFFXXX
36010424,AARBDE5W360
36020030,NBAGDE3EXXX
36020186,HYVEDEMM360
36033300,SCFBDE33XXX
36040039,COBADEFFXXX
36040060,COBADEFFXXX
36040061,COBADEFFXXX
36040085,COBADEFFXXX
36050105,SPESDE3EXXX
36060192,GENODED1PA2
36060295,GENODED1BBE
36060488,GENODEM1GBE
36060591,GENODED1SPE
36070024,DEUTDEDBESS
36070050,DEUTDEDEXXX
36070208,DEUTDEDEP07
36070224,DEUTDEDBP07
36080080,DRESDEFF360
36080085,DRESDEFFI66
36089321,DRESDEFFI17
36240045,COBADEFFXXX
36250000,SPMHDE3EXXX
36270024,DEUTDEDB362
36270048,DEUTDEDE362
36280071,DRESDEFF362
36540046,COBADEFFXXX
36550000,WELADED1OBH
36570024,DEUTDEDB365
36570049,DEUTDEDE365
36580072,DRESDEFF365
37000000,MARKDEF1370
37010050,PBNKDEFFXXX
37010600,BNPADEFFXXX
37010699,BNPADEFFXXX
37011000,PBNKDEFFXXX
37019000,BUNQDE82XXX
37020090,HYVEDEMM429
37020200,AXABDE31XXX
37020400,TOBADE33XXX
37020500,BFSWDE33XXX
37020600,SCFBDE33XXX
37021500,FDBADE8FXXX
37021548,LRFSDE31XXX
37027000,SCFBDE33XXX
37030700,WWBADE3AXXX
37030800,ISBKDEFXKOL
37040037,COBADEFFXXX
37040044,COBADEFFXXX
37040048,COBADEFFXXX
37040060,COBADEFFXXX
37040061,COBADEFFXXX
37050198,COLSDE33XXX
37050299,COKSDE33XXX
37060120,GENODED1PA7
37060193,GENODED1PAX
37060194,GENODED1PAX
37060590,GENODED1SPK
37060993,GENODEF1P13
37062124,GENODED1BGL
37062365,GENODED1FHH
37062600,GENODED1PAF
37063367,GENODED1FKH
37069101,GENODED1AEG
37069103,GENODED1ALD
37069125,GENODED1RKO
37069153,GENODED1HCK
37069164,GENODED1MBU
37069252,GENODED1ERE
37069302,GENODED1GLK
37069303,GENODED1GKK
37069306,GENODED1GRB
37069322,GENODED1EGY
37069330,GENODED1HAW
37069331,GENODED1KHO
37069342,GENODED1HMB
37069354,GENODED1SEG
37069355,GENODED1AHO
37069381,GENODED1IMM
37069401,GENODED1JUK
37069405,GENODED1KAA
37069412,GENODED1HRB
37069427,GENODED1DHK
37069429,GENODED1KNL
37069472,GENODED1ERF
37069520,GENODED1RST
37069521,GENODED1MNH
37069524,GENODED1MUC
37069627,GENODED1RBC
37069639,GENODED1WND
37069642,GENODED1SMR
37069707,GENODED1SAM
37069720,GENODED1SLE
37069805,GENODED1WVI
37069833,GENODED1WSL
37069840,GENODED1WPF
37069991,GENODED1BRL
37070000,DEUTDEDK402
37070024,DEUTDEDB353
37070024,DEUTDEDB355
37070024,DEUTDEDB357
37070024,DEUTDEDB358
37070024,DEUTDEDB360
37070024,DEUTDEDB370
37070024,DEUTDEDB371
37070024,DEUTDEDB372
37070024,DEUTDEDB373
37070024,DEUTDEDB379
37070024,DEUTDEDB386
37070024,DEUTDEDB938
37070024,DEUTDEDB939
37070024,DEUTDEDB940
37070024,DEUTDEDB941
37070024,DEUTDEDBKOE
37070060,DEUTDEDK351
37070060,DEUTDEDK352
37070060,DEUTDEDK353
37070060,DEUTDEDK354
37070060,DEUTDEDK355
37070060,DEUTDEDK356
37070060,DEUTDEDK357
37070060,DEUTDEDK358
37070060,DEUTDEDK360
37070060,DEUTDEDK370
37070060,DEUTDEDK371
37070060,DEUTDEDK372
37070060,DEUTDEDK373
37070060,DEUTDEDK379
37070060,DEUTDEDK386
37070060,DEUTDEDKXXX
37070209,DEUTDEDKP08
37070224,DEUTDEDBP08
37080040,DRESDEFF370
37080085,DRESDEFFI51
37080086,DRESDEFFI67
37080087,DRESDEFFI96
37080088,DRESDEFFI97
37080089,DRESDEFFI98
37080090,DRESDEFFJ01
37080091,DRESDEFFJ02
37080092,DRESDEFFJ03
37080093,DRESDEFFJ04
37080094,DRESDEFFJ05
37080095,DRESDEFFJ06
37080096,DRESDEFFXXX
37080097,DRESDEFFXXX
37080098,DRESDEFFJ07
37080099,DRESDEFFI36
37089340,DRESDEFFI04
37089342,DRESDEFFI05
37160087,GENODED1CGN
37161289,GENODED1BRH
37540050,COBADEFFXXX
37551020,WELADED1LEI
37551440,WELADEDLLEV
37551780,WELADED1LAF
37570024,DEUTDEDB375
37570024,DEUTDEDB377
37570024,DEUTDEDB378
37570064,DEUTDEDK375
37570064,DEUTDEDK377
37570064,DEUTDEDK378
38010053,PBNKDEFF380
38010700,PBNKDEFFDSL
38010900,DTABDED1XXX
38010999,DTABDED1AUS
38011000,VZVDDED1XXX
38011001,VZVDDED1001
38011002,VZVDDED1002
38011003,VZVDDED1003
38011004,VZVDDED1004
38011005,VZVDDED1005
38011006,VZVDDED1006
38011007,VZVDDED1007
38011008,VZVDDED1008
38020090,HYVEDEMM402
38040007,COBADEFFXXX
38050000,COLSDE33BON
38051290,WELADED1HON
38060186,GENODED1BRS
38070024,DEUTDEDB380
38070024,DEUTDEDB942
38070024,DEUTDEDB943
38070024,DEUTDEDB944
38070024,DEUTDEDB945
38070024,DEUTDEDB946
38070059,DEUTDEDK380
38070059,DEUTDEDK384
38070059,DEUTDEDK385
38070059,DEUTDEDK387
38070059,DEUTDEDK388
38070059,DEUTDEDK389
38070408,DEUTDEDKP38
38070424,DEUTDEDBP38
38070724,DEUTDEDBXXX
38077724,DEUTDEDB383
38080055,DRESDEFF380
38160220,GENODED1HBO
38250110,WELADED1EUS
38260082,GENODED1EVB
38440016,COBADEFFXXX
38450000,WELADED1GMB
38452490,WELADED1WIE
38462135,GENODED1WIL
38470024,DEUTDEDB384
38470024,DEUTDEDB385
38470024,DEUTDEDB387
38470024,DEUTDEDB388
38470024,DEUTDEDB389
38470091,DEUTDEDW384
38470091,DEUTDEDW385
38470091,DEUTDEDW387
38470091,DEUTDEDW388
38470091,DEUTDEDW389
38621500,GENODED1STB
38650000,WELADED1SGB
38651390,WELADED1HEN
39020000,AABSDE31XXX
39040013,COBADEFFXXX
39050000,AACSDE33XXX
39060180,GENODED1AAC
39061981,GENODED1HNB
39070020,DEUTDEDK390
39070020,DEUTDEDK391
39070020,DEUTDEDK392
39070020,DEUTDEDK393
39070020,DEUTDEDK394
39070020,DEUTDEDK397
39070020,DEUTDEDK398
39070020,DEUTDEDK399
39070020,DEUTDEDK400
39070020,DEUTDEDK401
39070024,DEUTDEDB390
39070024,DEUTDEDB391
39070024,DEUTDEDB392
39070024,DEUTDEDB393
39070024,DEUTDEDB394
39070024,DEUTDEDB397
39070024,DEUTDEDB398
39070024,DEUTDEDB399
39070024,DEUTDEDB947
39070024,DEUTDEDB948
39070210,DEUTDEDKP09
39070224,DEUTDEDBP09
39080005,DRESDEFF390
39080098,DRESDEFFI37
39080099,DRESDEFFI38
39160191,GENODED1PA1
39161490,GENODED1AAS
39162980,GENODED1WUR
39362254,GENODED1RSC
39540052,COBADEFFXXX
39550110,SDUEDE33XXX
39560201,GENODED1DUE
39570024,DEUTDEDB395
39570024,DEUTDEDB396
39570061,DEUTDEDK395
39570061,DEUTDEDK396
39580041,DRESDEFF395
40022000,NRWBDEDMMST
40030000,MLBKDEH1MUE
40040028,COBADEFFXXX
40050000,WELADE3MXXX
40050150,WELADED1MST
40055555,LBSWDE31XXX
40060000,GENODEMSXXX
40060265,GENODEM1DKM
40060560,GENODEF1S08
40061238,GENODEM1GRV
40069226,GENODEM1CND
40069266,GENODEM1MAS
40069283,GENODEM1SLN
40069348,GENODEM1MDB
40069362,GENODEM1SAE
40069363,GENODEM1SMB
40069371,GENODEM1BTH
40069408,GENODEM1BAU
40069477,GENODEM1DWU
40069546,GENODEM1SDN
40069600,GENODEM1MAB
40069601,GENODEM1CAN
40069606,GENODEM1ERR
40069622,GENODEM1LSP
40069709,GENODEM1DLR
40069716,GENODEM1SCN
40070024,DEUTDEDB400
40070024,DEUTDEDB404
40070024,DEUTDEDB949
40070024,DEUTDEDB950
40070024,DEUTDEDB951
40070024,DEUTDEDB952
40070080,DEUTDE3B400
40070080,DEUTDE3B404
40070080,DEUTDE3B440
40070080,DEUTDE3B441
40070080,DEUTDE3B442
40070080,DEUTDE3B443
40070211,DEUTDE3BP10
40070224,DEUTDEDBP10
40080040,DRESDEFF400
40080085,DRESDEFFI68
40090900,GENODEF1P15
40150001,WELADEDDXXX
40153768,WELADED1EMS
40154006,WELADED1GRO
40154476,WELADED1LEN
40154530,WELADE3WXXX
40154702,WELADED1STL
40160050,GENODEM1MSC
40163720,GENODEM1SEE
40164024,GENODEM1GRN
40164256,GENODEM1LAE
40164352,GENODEM1CNO
40164528,GENODEM1LHN
40164618,GENODEM1OTR
40164901,GENODEM1GE1
40165366,GENODEM1SEM
40166439,GENODEM1LLE
40166800,GENODEM1BUL
40340030,COBADEFFXXX
40350005,WELADED1RHN
40351060,WELADED1STF
40351220,WELADED1IBB
40361627,GENODEM1WKP
40361906,GENODEM1IBB
40363433,GENODEM1HRL
40370024,DEUTDEDB401
40370024,DEUTDEDB403
40370024,DEUTDEDB405
40370024,DEUTDEDB406
40370024,DEUTDEDB407
40370024,DEUTDEDB408
40370024,DEUTDEDB409
40370079,DEUTDE3B401
40370079,DEUTDE3B403
40370079,DEUTDE3B405
40370079,DEUTDE3B406
40370079,DEUTDE3B407
40370079,DEUTDE3B408
40370079,DEUTDE3B409
41040018,COBADEFFXXX
41041000,COBADEFFXXX
41050095,WELADED1HAM
41051605,WELADED1WRN
41051845,WELADED1BGK
41061011,GENODEM1HBH
41061903,GENODEM1BAG
41062215,GENODEM1BO1
41070024,DEUTDEDB410
41070024,DEUTDEDB412
41070049,DEUTDEDE410
41070049,DEUTDEDE412
41240048,COBADEFFXXX
41250035,WELADED1BEK
41260006,GENODEM1BEK
41261324,GENODEM1EOW
41261419,GENODEM1OEN
41262501,GENODEM1AHL
41280043,DRESDEFF413
41440018,COBADEFFXXX
41450075,WELADED1SOS
41451750,WELADED1WRL
41460116,GENODEM1SOE
41462295,GENODEM1WRU
41650001,WELADED1LIP
41651770,WELADED1HSL
41651815,WELADED1ERW
41651965,WELADED1GES
41660124,GENODEM1LPS
41661206,GENODEM1ANR
41661504,GENODEM1LBH
41661719,GENODEM1BRI
41662465,GENODEM1SGE
41662557,GENODEM1WST
41663335,GENODEM1HOE
41670024,DEUTDEDB414
41670024,DEUTDEDB416
41670024,DEUTDEDB417
41670024,DEUTDEDB418
41670027,DEUTDE3B416
41670028,DEUTDE3B417
41670029,DEUTDE3B414
41670030,DEUTDE3B418
42030600,ISBKDEFXGEL
42040040,COBADEFFXXX
42050001,WELADED1GEK
42070024,DEUTDEDB366
42070024,DEUTDEDB420
42070024,DEUTDEDB421
42070024,DEUTDEDB422
42070024,DEUTDEDB423
42070024,DEUTDEDB424
42070024,DEUTDEDB425
42070024,DEUTDEDB426
42070062,DEUTDEDE384
42070062,DEUTDEDE420
42070062,DEUTDEDE421
42070062,DEUTDEDE422
42070062,DEUTDEDE423
42070062,DEUTDEDE424
42070062,DEUTDEDE425
42070062,DEUTDEDE426
42080082,DRESDEFF420
42260001,GENODEM1GBU
42450040,WELADED1GLA
42451220,WELADED1BOT
42461435,GENODEM1KIH
42640048,COBADEFFXXX
42650150,WELADED1REK
42651315,WELADED1HAT
42661008,GENODEM1MRL
42661088,GENODEM1MRL
42661330,GENODEM1HLT
42661717,GENODEM1WLW
42662320,GENODEM1DST
42680081,DRESDEFF426
42840005,COBADEFFXXX
42850035,WELADED1BOH
42860003,GENODEM1BOH
42861239,GENODEM1RKN
42861387,GENODEM1BOB
42861515,GENODEM1BOG
42861608,GENODEM1HEI
42861814,GENODEM1RHD
42862451,GENODEM1RAE
42870024,DEUTDEDB428
42870024,DEUTDEDB429
42870077,DEUTDE3B428
42870077,DEUTDE3B429
43000000,MARKDEF1430
43040036,COBADEFFXXX
43050001,WELADED1BOC
43051040,WELADED1HTG
43060129,GENODEM1BOC
43060967,GENODEM1GLS
43060988,GENODEM1GLS
43070024,DEUTDEDB430
43070024,DEUTDEDB431
43070024,DEUTDEDB432
43070024,DEUTDEDB433
43070024,DEUTDEDB434
43070061,DEUTDEDE430
43070061,DEUTDEDE431
43070061,DEUTDEDE432
43070061,DEUTDEDE433
43070061,DEUTDEDE434
43080083,DRESDEFF430
43250030,WELADED1HRN
44000000,MARKDEF1440
44010046,PBNKDEFFXXX
44020090,HYVEDEMM808
44040037,COBADEFFXXX
44040060,COBADEFFXXX
44040061,COBADEFFXXX
44040085,COBADEFFXXX
44050000,WELADE3DXXX
44050199,DORTDE33XXX
44060122,GENODEM1DNW
44064406,GENODED1KDD
44070024,DEUTDEDB440
44070024,DEUTDEDB441
44070024,DEUTDEDB442
44070024,DEUTDEDB443
44070024,DEUTDEDB444
44070024,DEUTDEDB447
44070024,DEUTDEDB448
44070050,DEUTDEDE440
44070050,DEUTDEDE441
44070050,DEUTDEDE442
44070050,DEUTDEDE443
44070050,DEUTDEDE444
44070050,DEUTDEDE447
44070050,DEUTDEDE448
44080050,DRESDEFF440
44080055,DRESDEFF446
44080057,DRESDEFF447
44080085,DRESDEFFI69
44089320,DRESDEFFI18
44090920,GENODEF1P04
44152370,WELADED1LUN
44152490,WELADED1SWT
44160014,GENODEM1DOR
44340037,COBADEFFXXX
44350060,WELADED1UNN
44351380,WELADED1KAM
44351740,WELADED1FRN
44361342,GENODEM1KWK
44540022,COBADEFFXXX
44550045,WELADED1ISL
44551210,WELADED1HEM
44570004,DEUTDEDW443
44570004,DEUTDEDW444
44570004,DEUTDEDW445
44570004,DEUTDEDW446
44570004,DEUTDEDW447
44570004,DEUTDEDW448
44570004,DEUTDEDW449
44570024,DEUTDEDB445
44570024,DEUTDEDB446
44570024,DEUTDEDB449
44570024,DEUTDEDB953
44570024,DEUTDEDB954
44570024,DEUTDEDB955
44570024,DEUTDEDB956
44580070,DRESDEFF445
44580085,DRESDEFFI70
44761312,GENODEM1MEN
44761534,GENODEM1NRD
45000000,MARKDEF1450
45040042,COBADEFFXXX
45050001,WELADE3HXXX
45051485,WELADED1HER
45060009,GENODEM1HGN
45061524,GENODEM1HLH
45070002,DEUTDEDW450
45070002,DEUTDEDW451
45070002,DEUTDEDW453
45070002,DEUTDEDW454
45070002,DEUTDEDW456
45070024,DEUTDEDB450
45070024,DEUTDEDB451
45070024,DEUTDEDB453
45070024,DEUTDEDB454
45070024,DEUTDEDB456
45080060,DRESDEFF450
45240056,COBADEFFXXX
45250035,WELADED1WTN
45251480,WELADED1WET
45251515,SPSHDE31XXX
45260041,GENODEM1WTN
45260475,GENODEM1BFG
45261547,GENODEM1SPO
45450050,WELADED1GEV
45451060,WELADED1ENE
45451555,WELADED1SLM
45660029,GENODEM1ALA
45840026,COBADEFFXXX
45841031,COBADEFFXXX
45850005,WELADED1LSD
45851020,WELADED1PLB
45851665,WELADED1KMZ
45860033,GENODEM1LHA
45861434,GENODEM1KIE
45861617,GENODEM1MOM
46040033,COBADEFFXXX
46050001,WELADED1SIE
46051240,WELADED1BUB
46051733,WELADED1FRE
46051875,WELADED1HIL
46052855,WELADED1SMB
46053480,WELADED1BEB
46060040,GENODEM1SNS
46061724,GENODEM1FRF
46062817,GENODEM1SMA
46063405,GENODEM1BB1
46070024,DEUTDEDB460
46070024,DEUTDEDB461
46070024,DEUTDEDB462
46070024,DEUTDEDB463
46070024,DEUTDEDB464
46070024,DEUTDEDB465
46070024,DEUTDEDB466
46070024,DEUTDEDB469
46070024,DEUTDEDB470
46070024,DEUTDEDB471
46070024,DEUTDEDB516
46070024,DEUTDEDB962
46070024,DEUTDEDB963
46070024,DEUTDEDB964
46070024,DEUTDEDB965
46070024,DEUTDEDB966
46070024,DEUTDEDB967
46070090,DEUTDEDK460
46070090,DEUTDEDK461
46070090,DEUTDEDK462
46070090,DEUTDEDK463
46070090,DEUTDEDK464
46070090,DEUTDEDK465
46070090,DEUTDEDK466
46070090,DEUTDEDK467
46070090,DEUTDEDK468
46070090,DEUTDEDK469
46070090,DEUTDEDK470
46070090,DEUTDEDK471
46070090,DEUTDEDK472
46070090,DEUTDEDK473
46070090,DEUTDEDK474
46070090,DEUTDEDK475
46070090,DEUTDEDK516
46080010,DRESDEFF460
46240016,COBADEFFXXX
46250049,WELADED1OPE
46251590,WELADED1FTR
46251630,WELADED1ALK
46260023,GENODEM1OLP
46261607,GENODEM1GLG
46261822,GENODEM1WDD
46262456,GENODEM1HUL
46441003,COBADEFFXXX
46451012,WELADED1MES
46451250,WELADED1BST
46461126,GENODEM1SRL
46462271,GENODEM1ANO
46464453,GENODEM1RET
46640018,COBADEFFXXX
46650005,WELADED1ARN
46660022,GENODEM1NEH
46670007,DEUTDEDW466
46670007,DEUTDEDW467
46670007,DEUTDEDW468
46670024,DEUTDEDB467
46670024,DEUTDEDB468
46670024,DEUTDEDB961
46670204,DEUTDEDWP03
46670224,DEUTDEDBP03
47000000,MARKDEF1470
47240047,COBADEFFXXX
47250101,WELADED1PBN
47251550,WELADED1HXB
47251740,WELADED1DEL
47260121,DGPBDE3MALT
47260121,DGPBDE3MBRA
47260121,DGPBDE3MBUR
47260121,DGPBDE3MDEL
47260121,DGPBDE3MDRI
47260121,DGPBDE3MDTM
47260121,DGPBDE3MEPW
47260121,DGPBDE3MHBM
47260121,DGPBDE3MHOV
47260121,DGPBDE3MHOX
47260121,DGPBDE3MLAG
47260121,DGPBDE3MLEM
47260121,DGPBDE3MLIP
47260121,DGPBDE3MMND
47260121,DGPBDE3MOER
47260121,DGPBDE3MSAL
47260121,DGPBDE3MSTE
47260121,DGPBDE3MWAR
47260121,DGPBDE3MXXX
47260234,GENODEM1EWB
47260307,GENODEM1BKC
47261429,GENODEM1WNH
47261603,GENODEM1BUS
47262626,GENODEM1WDE
47262703,GENODEM1DLB
47264367,GENODEM1STM
47265383,GENODEM1WAH
47267216,GENODEM1BOT
47270024,DEUTDEDB472
47270024,DEUTDEDB473
47270024,DEUTDEDB474
47270024,DEUTDEDB475
47270024,DEUTDEDB958
47270029,DEUTDE3B451
47270029,DEUTDE3B472
47270029,DEUTDE3B473
47270029,DEUTDE3B474
47270029,DEUTDE3B475
47460028,GENODEM1WBG
47640051,COBADEFFXXX
47650130,WELADE3LXXX
47651225,WELADED1BLO
47670023,DEUTDE3B450
47670023,DEUTDE3B452
47670023,DEUTDE3B453
47670023,DEUTDE3B476
47670023,DEUTDE3B477
47670023,DEUTDE3B478
47670024,DEUTDEDB476
47670024,DEUTDEDB477
47670024,DEUTDEDB478
47670024,DEUTDEDB957
47670024,DEUTDEDB959
47670024,DEUTDEDB960
47670205,DEUTDE3BP04
47670224,DEUTDEDBP04
47691200,GENODEM1OLB
47840065,COBADEFFXXX
47840080,COBADEFFXXX
47850065,WELADED1GTL
47852760,WELADED1RTG
47853355,WELADED1VSM
47853520,WELADED1WDB
47860125,GENODEM1GTL
47860125,VBGTDE3MXXX
47861317,GENODEM1CLL
47861518,GENODEM1HWI
47862261,GENODEM1MFD
47862447,GENODEM1RNE
47863373,GENODEM1VMD
47880031,DRESDEFF478
48000000,MARKDEF1480
48020086,HYVEDEMM344
48020151,HAUKDEFFXXX
48020151,LAMPDEDDXXX
48021900,DGPBDE3MBVW
48040035,COBADEFFXXX
48040060,COBADEFFXXX
48040061,COBADEFFXXX
48050161,SPBIDE3BXXX
48051580,WELADED1HAW
48060036,GENODEM1BIE
48062051,GENODEM1HLW
48062466,GENODEM1SHS
48070020,DEUTDE3B483
48070020,DEUTDE3B486
48070020,DEUTDE3BXXX
48070024,DEUTDEDB413
48070024,DEUTDEDB480
48070024,DEUTDEDB481
48070024,DEUTDEDB483
48070024,DEUTDEDB484
48070024,DEUTDEDB485
48070024,DEUTDEDB486
48070024,DEUTDEDB487
48070024,DEUTDEDB488
48070024,DEUTDEDB489
48070024,DEUTDEDB492
48070024,DEUTDEDBBIE
48070040,DEUTDE3B480
48070042,DEUTDE3B484
48070043,DEUTDE3B489
48070044,DEUTDE3B487
48070045,DEUTDE3B413
48070050,DEUTDE3B481
48070052,DEUTDE3B492
48080020,DRESDEFF480
48089350,DRESDEFFI19
48250110,WELADED1LEM
48291490,GENODEM1BSU
49040043,COBADEFFXXX
49050101,WELADED1MIN
49051065,WELADED1RHD
49051285,WELADED1OEH
49051990,WELADED1PWF
49060127,GENODEM1MPW
49060392,GENODEM1MND
49061470,GENODEM1STR
49061510,GENODEM1EPW
49070024,DEUTDEDB490
49070024,DEUTDEDB491
49070024,DEUTDEDB493
49070024,DEUTDEDB494
49070024,DEUTDEDB495
49070028,DEUTDE3B490
49070028,DEUTDE3B491
49070028,DEUTDE3B493
49070028,DEUTDE3B494
49070028,DEUTDE3B495
49080025,DRESDEFF491
49092650,GENODEM1LUB
49240096,COBADEFFXXX
49262364,GENODEM1SNA
49440043,COBADEFFXXX
49450120,WLAHDE44XXX
49490070,GENODEM1HFV
50000000,MARKDEF1500
50010060,PBNKDEFFXXX
50010200,AKBKDEFFXXX
50010300,FCBKDEFFXXX
50010424,AARBDE5W500
50010517,INGDDEFFXXX
50010700,DEGUDEFFXXX
50010900,BOFADEFXXXX
50010910,BOFADEFXVAM
50012800,ALTEDEFAXXX
50015001,JTBPDEFFXXX
50016600,WUIDDEF1XXX
50020200,BHFBDEFF500
50020400,KFWIDEFFXXX
50020500,LAREDEFFXXX
50020700,FBHLDEFFXXX
50020800,BCITDEFFXXX
50021000,INGBDEFFXXX
50021100,FFBKDEFFKRN
50021120,FFBKDEFFTHK
50022200,HCSEDEF1XXX
50024024,DEFFDEFFXXX
50025000,GMGGDE51XXX
50026600,CARDDEFFXXX
50030000,PSADDEF1XXX
50030010,BPNDDE52XXX
50030500,PARBDEFFXXX
50030600,DWPBDEFFXXX
50030700,ESBKDEFFXXX
50031000,TRODDEF1XXX
50031900,BBVADEFFXXX
50033300,SCFBDE33XXX
50034200,OPENDEFFXXX
50038800,ABOCDEFFXXX
50040000,COBADEFFXXX
50040005,COBADEFFXXX
50040010,COBADEFFPAR
50040011,COBADEFFVIE
50040012,COBADEFFMIL
50040013,COBADEFFAMS
50040014,COBADEFFBRU
50040015,COBADEFFMAD
50040016,COBADEFFNYC
50040017,COBADEFFSGP
50040018,COBADEFFLDN
50040019,COBADEFFZUR
50040020,COBADEFFPRA
50040021,COBADEFFMOS
50040022,COBADEFFHBG
50040033,COBADEF1BRS
50040038,COBADEFFXXX
50040040,COBADEFFXXX
50040048,COBADEFFXXX
50040050,COBADEFFXXX
50040051,COBADEFFXXX
50040052,COBADEFFXXX
50040060,COBADEFFXXX
50040061,COBADEFFXXX
50040062,COBADEFFXXX
50040063,COBADEFFXXX
50040075,COBADEFFXXX
50040084,COBADEFFXXX
50040085,COBADEFFXXX
50040086,COBADEFFXXX
50040087,COBADEFFXXX
50040088,COBADEFFXXX
50040099,COBADEFFXXX
50042500,COBADEFFXXX
50044444,COBADEFFXXX
50047010,COBADEFFXXX
50050000,HELADEFFXXX
50050201,HELADEF1822
50050222,HELADEF1822
50050999,DGZFDEFFXXX
50060000,GENODE55XXX
50060400,GENODEFFXXX
50060412,GENODEF1VK1
50060413,GENODEF1VK2
50060414,GENODEF1VK3
50060415,GENODEF1VK4
50060416,GENODEF1VK6
50060417,GENODEF1VK7
50060418,GENODEF1VK8
50060419,GENODEF1VK9
50060420,GENODEF1V20
50060421,GENODEF1V21
50060422,GENODEF1V22
50060423,GENODEF1V23
50060424,GENODEF1V24
50060425,GENODEF1V25
50060474,GENODEFFBRO
50061741,GENODE51OBU
50069126,GENODE51ABO
50069146,GENODE51GRC
50069187,GENODE51EGE
50069241,GENODE51ERB
50069345,GENODE51GWB
50069455,GENODE51HUT
50069477,GENODE51KIF
50069693,GENODE51BH1
50069842,GENODE51SWB
50069976,GENODE51WWI
50070010,DEUTDEFF500
50070010,DEUTDEFF503
50070010,DEUTDEFF504
50070010,DEUTDEFF540
50070010,DEUTDEFF541
50070010,DEUTDEFF542
50070010,DEUTDEFFXXX
50070011,DEUTDEFFSIP
50070024,DEUTDEDB500
50070024,DEUTDEDB503
50070024,DEUTDEDB504
50070024,DEUTDEDB535
50070024,DEUTDEDB536
50070024,DEUTDEDBFRA
50070050,DEUTDEFFXXX
50070051,DEUTDEFFXXX
50070052,DEUTDEFFXXX
50070053,DEUTDEFFXXX
50070054,DEUTDEFFXXX
50070055,DEUTDEFFXXX
50070056,DEUTDEFFXXX
50070057,DEUTDEFFXXX
50070058,DEUTDEFFXXX
50070059,DEUTDEFFXXX
50070060,DEUTDEFFXXX
50070061,DEUTDEFFXXX
50070062,DEUTDEFFXXX
50070063,DEUTDEFFXXX
50070064,DEUTDEFFXXX
50070065,DEUTDEFFXXX
50070324,DEUTDEDBP25
50070371,DEUTDEFFS25
50070435,DEUTDEDBEW1
50070436,DEUTDEDBEW2
50070437,DEUTDEDBEW3
50070438,DEUTDEDBEW4
50070439,DEUTDEDBEW5
50073019,DEUTDEFF502
50073019,DEUTDEFF543
50073024,DEUTDEDB502
50073024,DEUTDEDB537
50073081,DEUTDE5XXXX
50080000,DRESDEFFXXX
50080015,DRESDEFFI39
50080025,DRESDEFFXXX
50080035,DRESDEFFI40
50080055,DRESDEFF516
50080057,DRESDEFF522
50080060,DRESDEFFXXX
50080061,DRESDEFFLDG
50080077,DRESDEFFBSP
50080079,DRESDEFFXXX
50080080,DRESDEFFI41
50080082,DRESDEFFAVB
50080086,DRESDEFFI49
50080087,DRESDEFFJ08
50080088,DRESDEFFJ09
50080089,DRESDEFFJ10
50080091,DRESDEFFJ11
50080092,DRESDEFFFCO
50080099,DRESDEFFI42
50080300,DRESDEFF500
50083007,DRESDEFF502
50083838,DRESDEFFMBP
50089400,DRESDEFFI01
50090500,GENODEF1S12
50090900,GENODEF1P06
50092100,GENODE51BH2
50092200,GENODE51KEL
50092900,GENODE51USI
50093000,GENODE51RUS
50093010,GENODE51GAA
50093400,GENODE51KBH
50110200,ICBKDEFFXXX
50110400,AUSKDEFFXXX
50110500,NATXDEFFXXX
50110636,SCBLDEFXXXX
50110700,FBGADEF1XXX
50110800,CHASDEFXXXX
50110801,CHASDEFXVR1
50110808,CHASDEF2XXX
50110855,JPMGDEFFXXX
50110900,MNBIDEF1XXX
50120100,ICICDEFFXXX
50120383,DELBDE33XXX
50120600,COMMDEFFXXX
50120800,BMPBDEF2XXX
50120900,TVBADEFFXXX
50127000,BPKODEFFXXX
50127700,PAYODEF2XXX
50130000,NBPADEFFXXX
50130400,MEFIDEMM501
50130600,UBSWDEFFXXX
50131000,ICBVDEFFXXX
50131700,KODBDEFFXXX
50190000,FFVBDEFFXXX
50190300,GENODE51FHC
50190400,GENODE51FGH
50210200,RABODEFFTAR
50210295,RABODEFFXXX
50210800,PRCBDEFFXXX
50210900,CITIDEFFXXX
50220085,SMHBDEFFXXX
50220101,INVODEF2XXX
50220300,HVBKDEFFXXX
50220500,BOFSDEF1XXX
50220707,CAIXDEFFXXX
50220900,HAUKDEFFXXX
50228899,EFIBDEFFXXX
50230000,ABCADEFFXXX
50230600,ISBKDEFXXXX
50230700,METZDEFFXXX
50230800,PLFGDE5AXXX
50230888,PLFGDE5AIKB
50234500,KTAGDEFFXXX
50250200,DLFGDE51XXX
50310400,BARCDEFFXXX
50310900,PCBCDEFFXXX
50320000,OWHBDEFFXXX
50320191,HYVEDEMM430
50320500,BSCHDEFFXXX
50320600,BCMADEFFXXX
50320900,PICTDEFFXXX
50324000,FTSBDEFAXXX
50330000,SBINDEFFXXX
50330200,MHBFDEFFXXX
50330201,RAISDEFFXXX
50330300,IRVTDEFXXXX
50330500,BCDMDEF1XXX
50330600,SEPBDEFFXXX
50334400,BNYMDEF1XXX
50339900,PANXDEF2XXX
50400000,MARKDEFFXXX
50510300,SMBCDEFFXXX
50520190,HYVEDEMM467
50530000,GENODE51CRO
50540028,COBADEFFXXX
50550020,HELADEF1OFF
50560102,GENODE51OF2
50561315,GENODE51OBH
50570018,DEUTDEFF505
50570018,DEUTDEFF507
50570018,DEUTDEFF544
50570018,DEUTDEFF545
50570018,DEUTDEFF546
50570018,DEUTDEFF547
50570018,DEUTDEFF548
50570018,DEUTDEFF549
50570018,DEUTDEFF550
50570024,DEUTDEDB505
50570024,DEUTDEDB507
50570024,DEUTDEDB525
50570024,DEUTDEDB526
50570024,DEUTDEDB527
50570024,DEUTDEDB528
50570024,DEUTDEDB529
50570024,DEUTDEDB538
50570024,DEUTDEDB539
50580005,DRESDEFF505
50580085,DRESDEFFJ12
50590000,GENODE51OF1
50592200,GENODE51DRE
50640015,COBADEFFXXX
50650023,HELADEF1HAN
50652124,HELADEF1SLS
50661639,GENODEF1LSR
50661816,GENODE51NIH
50662299,GENODEF1BKO
50662669,RBMFDEF1XXX
50663699,GENODEF1RDB
50670009,DEUTDEFF506
50670024,DEUTDEDB506
50680002,DRESDEFF506
50680085,DRESDEFFJ13
50690000,GENODEF1HUV
50691300,DZBMDEF1XXX
50692100,GENODE51SEL
50740048,COBADEFFXXX
50750094,HELADEF1GEL
50761333,GENODE51BUE
50763319,GENODEF1BIR
50780006,DRESDEFF524
50790000,GENODE51GEL
50793300,GENODE51BIV
50794300,GENODE51WBH
50810900,BBSPDE6KXXX
50820292,HYVEDEMM487
50835800,MKGMDE51XXX
50840005,COBADEFFXXX
50850049,HELADEFF508
50850150,HELADEF1DAS
50851952,HELADEF1ERB
50852553,HELADEF1GRG
50852651,HELADEF1DIE
50861393,GENODE51BKZ
50861501,GENODE51ABH
50862311,GENODE51WGH
50862408,GENODE51GRI
50862703,GENODE51REI
50862835,GENODE51SHM
50862903,GENODE51GIN
50863513,GENODE51MIC
50865224,GENODE51MWA
50865503,GENODE51EPT
50870005,DEUTDEFF508
50870005,DEUTDEFF551
50870005,DEUTDEFF552
50870024,DEUTDEDB508
50870024,DEUTDEDB554
50870024,DEUTDEDB555
50870324,DEUTDEDBP26
50870393,DEUTDEFFS26
50880050,DRESDEFF508
50880085,DRESDEFFJ14
50880086,DRESDEFFJ15
50890000,GENODEF1VBD
50950068,HELADEF1BEN
50951469,HELADEF1HEP
50961206,GENODE51RBU
50961592,GENODE51FHO
50961685,GENODE51ABT
50970004,DEUTDEFF509
50970004,DEUTDEFF519
50970024,DEUTDEDB509
50970024,DEUTDEDB519
51010400,AARBDE5WXXX
51020000,BHFBDEFF510
51020186,HYVEDEMM478
51040038,COBADEFFXXX
51050015,NASSDE55XXX
51051000,PULSDE5WXXX
51070021,DEUTDEFF510
51070021,DEUTDEFF512
51070021,DEUTDEFF514
51070024,DEUTDEDB510
51070024,DEUTDEDB512
51070024,DEUTDEDB514
51080060,DRESDEFF510
51080085,DRESDEFFJ16
51080086,DRESDEFFJ17
51089410,DRESDEFFI20
51090000,WIBADE5WXXX
51091500,GENODE51RGG
51091501,GENODE51RGG
51140029,COBADEFFXXX
51150018,HELADEF1LIM
51151919,HELADEF1WEI
51161606,GENODE51LDD
51170010,DEUTDEFF511
51170024,DEUTDEDB511
51180041,DRESDEFF511
51190000,GENODE51LIM
51191800,GENODE51SBH
51192200,GENODE51WEM
51210600,BNPADEFFXXX
51210606,BNPADEFFXXX
51210699,BNPADEFFXXX
51210700,NZFMDEF1XXX
51210800,SOGEDEFFXXX
51210801,SGSSDEFFXXX
51210802,SOGEDEFFXXX
51210803,SOGEDEFFXXX
51211000,NATXDEFPXXX
51220200,ESSEDEFFXXX
51220400,SIHRDEH1FFM
51220700,TCZBDEFFXXX
51220800,BRASDEFFXXX
51220900,MSFFDEFXXXX
51220910,MSFFDEFXCND
51230500,SCBLDEFXXXX
51230502,SCBLDEFXXXX
51230555,PLFGDE5AIKB
51250000,HELADEF1TSK
51340013,COBADEFFXXX
51343224,COBADEFFXXX
51350025,SKGIDE5FXXX
51351526,HELADEF1GRU
51352227,HELADEF1LAU
51361021,GENODE51HHE
51370008,DEUTDEFF513
51370024,DEUTDEDB513
51380040,DRESDEFF513
51380085,DRESDEFFJ18
51390000,VBMHDE5FXXX
51410700,BKCHDEFFXXX
51420200,MIBEDEFFXXX
51420300,BAERDEF1XXX
51430400,GOLDDEFFXXX
51430410,GOLDDEFBXXX
51432100,SABCDEFFXXX
51540037,COBADEFFXXX
51550035,HELADEF1WET
51570008,DEUTDEFF515
51570024,DEUTDEDB515
51580044,DRESDEFF515
51591300,GENODE51WBO
51640043,COBADEFFXXX
51650045,HELADEF1DIL
51690000,GENODE51DIL
51691500,GENODE51HER
51752267,HELADEF1BAT
51762434,GENODE51BIK
51850079,HELADEF1FRI
51861325,GENODEF1BVB
51861403,GENODE51BUT
51861616,GENODE51REW
51861806,GENODE51OBM
51961023,GENODE51ULR
51961515,GENODE51HSH
51961801,GENODE51FEL
51990000,GENODE51LB1
52040021,COBADEFFXXX
52050000,HELADEFF520
52050353,HELADEF1KAS
52051373,HELADEF1BOR
52051555,HELADEF1FEL
52051877,HELADEF1GRE
52052154,HELADEF1MEG
52053458,HELADEF1SWA
52060000,GENODEFF520
52060208,GENODEF1KS2
52060410,GENODEF1EK1
52060420,GENODEF1EK1
52061303,GENODEF1BOR
52062200,GENODEF1GUB
52062601,GENODEF1HRV
52063369,GENODEF1SPB
52063550,GENODEF1WOH
52064156,GENODEF1BTA
52069013,GENODEF1BHN
52069029,GENODEF1GMD
52069065,GENODEF1BUR
52069149,GENODEF1VLM
52069519,GENODEF1FBK
52070012,DEUTDEFF520
52070012,DEUTDEFF523
52070012,DEUTDEFF524
52070024,DEUTDEDB520
52070024,DEUTDEDB523
52070024,DEUTDEDB524
52071212,DEUTDEFF521
52071224,DEUTDEDB521
52080080,DRESDEFF520
52080085,DRESDEFFJ19
52090000,GENODE51KS1
52240006,COBADEFFXXX
52250030,HELADEF1ESW
52260385,GENODEF1ESW
52270012,DEUTDEFF522
52270024,DEUTDEDB522
52350005,HELADEF1KOR
52360059,GENODEF1KBW
52410300,RBAGDEF1XXX
52410310,RBAGDEF1CMI
52410400,KOEXDEFAXXX
52411000,RBAGDEF1CMI
52411010,RBAGDEF1CMI
52420000,BSUIDEFFXXX
52420300,SHBKDEFFXXX
52420600,ABGRDEFFXXX
52420700,SECGDEFFXXX
52430000,CMCIDEF1XXX
53040012,COBADEFFXXX
53050180,HELADEF1FDS
53051396,HELADEF1SLU
53060180,GENODE51FUL
53061230,GENODEF1HUE
53061313,GENODE51SLU
53062035,GENODEF1GLU
53062350,GENODEF1PBG
53064023,GENODEF1FLN
53070007,DEUTDEFF530
53070007,DEUTDEFF531
53070007,DEUTDEFF534
53070024,DEUTDEDB530
53070024,DEUTDEDB531
53070024,DEUTDEDB534
53070324,DEUTDEDBP27
53070394,DEUTDEFFS27
53080030,DRESDEFF530
53093200,GENODE51ALS
53093255,GENODE51AGR
53240048,COBADEFFXXX
53250000,HELADEF1HER
53260145,GENODEF1HFA
53261202,GENODEF1BEB
53261342,GENODEF1RAW
53262073,GENODEF1HNT
53262455,GENODEF1ROH
53270012,DEUTDEFF532
53270024,DEUTDEDB518
53280081,DRESDEFF532
53290000,GENODE51BHE
53340024,COBADEFFXXX
53350000,HELADEF1MAR
53370008,DEUTDEFF533
53370024,DEUTDEDB533
53380042,DRESDEFF533
53381843,DRESDEFF568
54020090,HYVEDEMM482
54030011,SCRUDE51XXX
54040042,COBADEFFXXX
54050110,MALADE51KLS
54050220,MALADE51KLK
54051550,MALADE51KUS
54051660,MALADE51LAS
54051990,MALADE51ROK
54061650,GENODE61LAN
54062027,GENODE61ALB
54070024,DEUTDEDB540
54070024,DEUTDEDB541
54070092,DEUTDESM540
54070092,DEUTDESM541
54080021,DRESDEFF540
54090000,GENODE61KL1
54091700,GENODE61LEK
54091800,GENODE61OB1
54092400,GENODE61GLM
54220091,HYVEDEMM485
54240032,COBADEFFXXX
54250010,MALADE51SWP
54261700,GENODE61ROA
54270024,DEUTDEDB542
54270024,DEUTDEDB543
54270096,DEUTDESM542
54270096,DEUTDESM543
54280023,DRESDEFF542
54291200,GENODE61DAH
54500000,MARKDEF1545
54510067,PBNKDEFFXXX
54520194,HYVEDEMM483
54540033,COBADEFFXXX
54550010,LUHSDE6AXXX
54550120,MALADE51LUH
54561310,GENODE61LBS
54570024,DEUTDEDB544
54570024,DEUTDEDB545
54570024,DEUTDEDB547
54570024,DEUTDEDB549
54570024,DEUTDEDB550
54570024,DEUTDEDB553
54570094,DEUTDESM544
54570094,DEUTDESM545
54570094,DEUTDESM547
54570094,DEUTDESM549
54570094,DEUTDESM550
54570094,DEUTDESM553
54580020,DRESDEFF545
54620093,HYVEDEMM620
54640035,COBADEFFXXX
54651240,MALADE51DKH
54661800,GENODE61FSH
54663270,GENODE61FHR
54670024,DEUTDEDB546
54670024,DEUTDEDB548
54670024,DEUTDEDB552
54670095,DEUTDESM546
54670095,DEUTDESM548
54670095,DEUTDESM552
54680022,DRESDEFF546
54691200,GENODE61DUW
54750010,MALADE51SPY
54790000,GENODE61SPE
54850010,SOLADES1SUW
54851440,MALADE51KAD
54861190,GENODE61EDH
54862390,GENODE61HXH
54862500,GENODE61SUW
54891300,GENODE61BZA
55000000,MARKDEF1550
55010400,AARBDE5WDOM
55010424,AARBDE5W550
55010625,AARBDE5WCLE
55010800,ISBRDE55XXX
55020000,BHFBDEFF550
55020100,BKMZDE51XXX
55020486,HYVEDEMM486
55020500,BFSWDE33MNZ
55020555,BFSWDE33MNZ
55020600,IMMODE5MXXX
55020700,SUFGDE51XXX
55030500,CPLADE55XXX
55033300,SCFBDE33XXX
55040022,COBADEFFXXX
55040060,COBADEFFXXX
55040061,COBADEFFXXX
55050000,SOLADEST550
55050120,MALADE51MNZ
55060321,GENODE51MZ4
55060417,GENODE51MZ2
55060611,GENODE51MZ6
55061303,GENODE51BUD
55061507,GENODE51HDS
55061907,GENODE51NIS
55070024,DEUTDEDB551
55070024,DEUTDEDB561
55070024,DEUTDEDB563
55070024,DEUTDEDBMAI
55070040,DEUTDE5M550
55070040,DEUTDE5M551
55070040,DEUTDE5M552
55070040,DEUTDE5MXXX
55070324,DEUTDEDBP29
55070396,DEUTDE5MP29
55080044,COBADEFFXXX
55080065,DRESDEFF550
55080085,DRESDEFFJ20
55080086,DRESDEFFJ21
55080088,DRESDEFF555
55090500,GENODEF1S01
55091200,GENODE61AZY
55150098,MALADE51EMZ
55160195,GENODED1PA4
55190000,MVBMDE55XXX
55340041,COBADEFFXXX
55350010,MALADE51WOR
55361202,GENODE51AHM
55362071,GENODE51BEC
55390000,GENODE61WO1
56020086,HYVEDEMM515
56050180,MALADE51KRE
56051790,MALADE51SIM
56061151,GENODED1KSL
56061472,GENODED1KHK
56062227,GENODED1RBO
56070024,DEUTDEDB560
56070040,DEUTDE5M560
56090000,GENODE51KRE
56240050,COBADEFFXXX
56250030,BILADE55XXX
56261735,GENODED1FIN
56270024,DEUTDEDB562
56270044,DEUTDE5M562
57000000,MARKDEF1570
57020086,HYVEDEMM401
57020301,MKBKDE51XXX
57020500,OYAKDE5KXXX
57020600,DEBKDE51XXX
57040044,COBADEFFXXX
57050120,MALADE51KOB
57051001,MALADE51BMB
57051870,MALADE51COC
57060000,GENODEDD570
57062675,GENODE51NWA
57064221,GENODED1MKA
57069067,GENODED1LUH
57069081,GENODED1MOK
57069144,GENODED1KAI
57069238,GENODED1ASN
57069257,GENODED1UMO
57069315,GENODED1SRH
57069361,GENODED1WLG
57069727,GENODED1IRR
57069806,GENODED1MBA
57070024,DEUTDEDB570
57070024,DEUTDEDB571
57070024,DEUTDEDB572
57070024,DEUTDEDB573
57070024,DEUTDEDB577
57070024,DEUTDEDB578
57070045,DEUTDE5M570
57070045,DEUTDE5M571
57070045,DEUTDE5M572
57070045,DEUTDE5M573
57070045,DEUTDE5M577
57070045,DEUTDE5M578
57070324,DEUTDEDBP28
57070395,DEUTDE5MP28
57080070,DRESDEFF570
57090000,GENODE51KOB
57090010,GENODE51KOB
57090900,GENODEF1P12
57091000,GENODE51MON
57092800,GENODE51DIE
57263015,GENODE51ARZ
57351030,MALADE51AKI
57361476,GENODED1GBS
57363243,GENODED1NFB
57391200,GENODE51DAA
57391500,GENODE51HAM
57391800,GENODE51WW1
57450120,MALADE51NWD
57460117,GENODED1NWD
57461759,GENODED1MRW
57470024,DEUTDEDB574
57470024,DEUTDEDB575
57470024,DEUTDEDB576
57470024,DEUTDEDB579
57470047,DEUTDE5M574
57470047,DEUTDE5M575
57470047,DEUTDE5M576
57470047,DEUTDE5M579
57650010,MALADE51MYN
57661253,GENODED1KEH
57662263,GENODED1MPO
57751310,MALADE51AHR
57761591,GENODED1BNA
57761599,GENODED1BNA
57762265,GENODED1GRO
58520086,HYVEDEMM437
58540035,COBADEFFXXX
58550130,TRISDE55XXX
58560103,GENODED1TVB
58560294,GENODED1PA3
58561626,GENODED1SRB
58561771,GENODED1MLW
58564788,GENODED1HWM
58570024,DEUTDEDB580
58570024,DEUTDEDB585
58570024,DEUTDEDB586
58570048,DEUTDE5M585
58570048,DEUTDE5M586
58570048,DEUTDE5M590
58580074,DRESDEFF585
58590900,GENODEF1P21
58650030,MALADE51BIT
58651240,MALADE51DAU
58660101,GENODED1BIT
58661901,GENODED1WSC
58662653,GENODED1OSE
58691500,GENODED1PRU
58751230,MALADE51BKS
58760954,GENODED1WTL
58761343,GENODED1BPU
58771224,DEUTDEDB587
58771224,DEUTDEDB588
58771224,DEUTDEDB589
58771242,DEUTDE5M587
58771242,DEUTDE5M588
58771242,DEUTDE5M589
59000000,MARKDEF1590
59010011,PBNKDEFF011
59010012,PBNKDEFF012
59010013,PBNKDEFF013
59010014,PBNKDEFF014
59010015,PBNKDEFF015
59010016,PBNKDEFF016
59010017,PBNKDEFF017
59010018,PBNKDEFF018
59010019,PBNKDEFF019
59010021,PBNKDEFF021
59010022,PBNKDEFF022
59010023,PBNKDEFF023
59010024,PBNKDEFF024
59010025,PBNKDEFF025
59010026,PBNKDEFF026
59010027,PBNKDEFF027
59010028,PBNKDEFF028
59010029,PBNKDEFF029
59010031,PBNKDEFF031
59010032,PBNKDEFF032
59010033,PBNKDEFF033
59010034,PBNKDEFF034
59010035,PBNKDEFF035
59010036,PBNKDEFF036
59010037,PBNKDEFF037
59010038,PBNKDEFF038
59010039,PBNKDEFF039
59010040,PBNKDEFF040
59010041,PBNKDEFF041
59010042,PBNKDEFF042
59010044,PBNKDEFF044
59010045,PBNKDEFF045
59010047,PBNKDEFF047
59010048,PBNKDEFF048
59010049,PBNKDEFF049
59010051,PBNKDEFF051
59010052,PBNKDEFF052
59010053,PBNKDEFF053
59010054,PBNKDEFF054
59010055,PBNKDEFF055
59010056,PBNKDEFF056
59010057,PBNKDEFF057
59010058,PBNKDEFF058
59010059,PBNKDEFF059
59010061,PBNKDEFF061
59010062,PBNKDEFF062
59010063,PBNKDEFF063
59010064,PBNKDEFF064
59010065,PBNKDEFF065
59010066,PBNKDEFFXXX
59010068,PBNKDEFF068
59010069,PBNKDEFF069
59010071,PBNKDEFF071
59010072,PBNKDEFF072
59010073,PBNKDEFF073
59010074,PBNKDEFF074
59010400,SIKBDE55XXX
59020090,HYVEDEMM432
59020400,MEGHDE81XXX
59040000,COBADEFFXXX
59050000,SALADE55XXX
59050101,SAKSDE55XXX
59051090,SALADE51VKS
59070000,DEUTDE5M555
59070070,DEUTDEDB590
59070070,DEUTDEDB595
59080090,DRESDEFF590
59090900,GENODEF1P19
59092000,GENODE51SB2
59099550,GENODE51NOH
59190000,SABADE5SXXX
59190200,GENODE51SLS
59251020,SALADE51WND
59252046,SALADE51NKS
59291000,GENODE51WEN
59291200,GENODE51BEX
59320087,HYVEDEMM838
59350110,KRSADE55XXX
59351040,MERZDE55XXX
59390100,GENODE51SLF
59391200,GENODE51UBH
59392000,GENODE51DSA
59392200,GENODE51LOS
59393000,GENODE51LEB
59450010,SALADE51HOM
59491300,GENODE51MBT
60000000,MARKDEF1600
60010070,PBNKDEFFXXX
60010424,AARBDE5W600
60010700,LKBWDE6K600
60020030,SOLADEST601
60020100,SCHWDESSXXX
60020290,HYVEDEMM473
60030000,MEBEDE6SDCB
60030100,BHBADES1XXX
60030200,ELGEDES1XXX
60030600,CPLUDES1XXX
60030666,CPLUDES1666
60030700,AKBADES1XXX
60030900,ISBKDEFXSTU
60031000,TRUFDE66XXX
60033000,BSWLDE61XXX
60035810,IBKBDES1XXX
60040060,COBADEFFXXX
60040061,COBADEFFXXX
60040071,COBADEFFXXX
60040075,COBADEFFXXX
60050000,SOLADESTXXX
60050101,SOLADEST428
60050101,SOLADEST437
60050101,SOLADEST447
60050101,SOLADEST454
60050101,SOLADEST457
60050101,SOLADEST484
60050101,SOLADEST487
60050101,SOLADEST490
60050101,SOLADEST493
60050101,SOLADEST600
60050101,SOLADEST829
60050101,SOLADEST836
60050101,SOLADEST864
60050101,SOLADEST880
60050101,SOLADEST896
60050101,SOLADESTHYP
60060000,GENODESGXXX
60060202,GENODESTXXX
60060396,GENODES1UTV
60062775,GENODES1ECH
60062909,GENODES1MCH
60069017,GENODES1DMS
60069066,GENODES1RBA
60069075,GENODES1RVG
60069147,GENODES1RSF
60069158,GENODES1SAA
60069206,GENODES1AID
60069224,GENODES1GWS
60069239,GENODES1BPF
60069242,GENODES1RGR
60069245,GENODES1RVG
60069251,GENODES1RDI
60069302,GENODES1ERM
60069303,GENODES1RBS
60069308,GENODES1RIN
60069315,GENODES1MDH
60069336,GENODES1RMA
60069346,GENODES1REH
60069350,GENODES1RRG
60069355,GENODES1EHN
60069378,GENODES1DEH
60069387,GENODES1DBE
60069417,GENODES1KIB
60069419,GENODES1UHL
60069442,GENODES1RFS
60069455,GENODES1RVS
60069457,GENODES1OTT
60069462,GENODES1WBB
60069463,GENODES1RKH
60069476,GENODES1DEA
60069485,GENODES1ROW
60069505,GENODES1VMT
60069517,GENODES1SCA
60069527,GENODES1RNS
60069538,GENODES1LOC
60069544,GENODES1RWN
60069545,GENODES1NUF
60069553,GENODES1HAR
60069564,GENODES1RVA
60069595,GENODES1SBB
60069639,GENODES1RIH
60069669,GENODES1EHB
60069673,GENODES1ABR
60069680,GENODES1BRZ
60069685,GENODES1RWA
60069705,GENODES1SLA
60069706,GENODES1MEH
60069710,GENODES1RGF
60069714,GENODES1IBR
60069727,GENODES1ROF
60069738,GENODES1FAN
60069766,GENODES1BBO
60069795,GENODES1HHB
60069798,GENODES1RHB
60069817,GENODES1RMO
60069832,GENODES1URB
60069842,GENODES1DHB
60069858,GENODES1VAI
60069860,GENODES1FED
60069876,GENODES1ROG
60069896,GENODES1PLE
60069904,GENODES1RUW
60069905,GENODES1REM
60069911,GENODES1ERL
60069926,GENODES1VBG
60069927,GENODES1BHB
60069931,GENODES1BGH
60069950,GENODES1TUN
60069976,GENODES1BOE
60070024,DEUTDEDB602
60070024,DEUTDEDB605
60070024,DEUTDEDB609
60070024,DEUTDEDB624
60070024,DEUTDEDB647
60070024,DEUTDEDBSTG
60070070,DEUTDESS602
60070070,DEUTDESS605
60070070,DEUTDESS609
60070070,DEUTDESS624
60070070,DEUTDESS647
60070070,DEUTDESSXXX
60070214,DEUTDESSP13
60070224,DEUTDEDBP13
60080000,DRESDEFF600
60080055,DRESDEFF608
60080057,DRESDEFF609
60080085,DRESDEFFI50
60080086,DRESDEFFI54
60080087,DRESDEFFI57
60080088,DRESDEFFI58
60089450,DRESDEFFI21
60090100,VOBADESSXXX
60090133,VOBADESSXXX
60090300,GENODES1ZUF
60090700,SWBSDESSXXX
60090800,GENODEF1S02
60090900,GENODEF1P20
60120200,BHFBDEFF600
60120500,BFSWDE33STG
60133300,SCFBDE33XXX
60241074,COBADEFFXXX
60250010,SOLADES1WBN
60261329,GENODES1FBB
60261622,GENODES1WNS
60261818,GENODES1RWT
60262063,GENODES1KOR
60262693,GENODES1KRN
60270024,DEUTDEDB606
60270073,DEUTDESS606
60290110,GENODES1VWN
60291120,GENODES1VBK
60320291,HYVEDEMM858
60340071,COBADEFFXXX
60350130,BBKRDE6BXXX
60361923,GENODES1WES
60380002,DRESDEFF601
60390000,GENODES1BBV
60390300,GENODES1LEO
60391310,GENODES1VBH
60391420,GENODES1MAG
60420000,WBAGDE61XXX
60420020,WBAGDEA1XXX
60420021,WBAGDEA1XXX
60420186,HYVEDEMM860
60422000,SABUDES1XXX
60440073,COBADEFFXXX
60450050,SOLADES1LBG
60460142,GENODES1EGL
60462808,GENODES1AMT
60470024,DEUTDEDB604
60470024,DEUTDEDB608
60470024,DEUTDEDB617
60470024,DEUTDEDB623
60470024,DEUTDEDB635
60470024,DEUTDEDB648
60470082,DEUTDESS604
60470082,DEUTDESS608
60470082,DEUTDESS617
60470082,DEUTDESS623
60470082,DEUTDESS635
60470082,DEUTDESS648
60480008,DRESDEFF604
60490150,GENODES1LBG
60491430,GENODES1GHB
60491430,GENODES1VBB
60661906,GENODES1WIM
60663084,GENODES1RCW
60670024,DEUTDEDB659
60670070,DEUTDESS659
61030000,MARBDE6GXXX
61040014,COBADEFFXXX
61050000,GOPSDE6G612
61050000,GOPSDE6GXXX
61060500,GENODES1VGP
61070024,DEUTDEDB610
61070024,DEUTDEDB618
61070024,DEUTDEDB627
61070078,DEUTDESS610
61070078,DEUTDESS618
61070078,DEUTDESS627
61080006,DRESDEFF610
61091200,GENODES1DGG
61120286,HYVEDEMM859
61140071,COBADEFFXXX
61150020,ESSLDE66XXX
61161696,GENODES1NHB
61170024,DEUTDEDB611
61170024,DEUTDEDB612
61170024,DEUTDEDB619
61170024,DEUTDEDB626
61170076,DEUTDESS611
61170076,DEUTDESS612
61170076,DEUTDESS619
61170076,DEUTDESS626
61180004,DRESDEFF611
61190110,GENODES1ESS
61191310,GENODES1VBP
61240048,COBADEFFXXX
61261213,GENODES1TEC
61261339,GENODES1HON
61262258,GENODES1WLF
61262345,GENODES1BBF
61281007,DRESDEFF612
61290120,GENODES1NUE
61340079,COBADEFFXXX
61361722,GENODES1HEU
61361975,GENODES1RML
61370024,DEUTDEDB613
61370024,DEUTDEDB614
61370024,DEUTDEDB615
61370024,DEUTDEDB616
61370024,DEUTDEDB633
61370024,DEUTDEDB637
61370024,DEUTDEDB638
61370024,DEUTDEDB639
61370086,DEUTDESS613
61370086,DEUTDESS614
61370086,DEUTDESS615
61370086,DEUTDESS616
61370086,DEUTDESS633
61370086,DEUTDESS637
61370086,DEUTDESS638
61370086,DEUTDESS639
61390140,GENODES1VGD
61391410,GENODES1WEL
61420086,HYVEDEMM272
61440086,COBADEFFXXX
61450050,OASPDE6AXXX
61480001,DRESDEFF614
61490150,GENODES1AAV
61491010,GENODES1ELL
62020000,HOEBDE61XXX
62040060,COBADEFFXXX
62050000,HEISDE66XXX
62061991,GENODES1VOS
62062215,GENODES1BIA
62062643,GENODES1VFT
62063263,GENODES1VLS
62070024,DEUTDEDB620
62070024,DEUTDEDB621
62070024,DEUTDEDB622
62070024,DEUTDEDB628
62070024,DEUTDEDB629
62070081,DEUTDESS620
62070081,DEUTDESS621
62070081,DEUTDESS622
62070081,DEUTDESS628
62070081,DEUTDESS629
62080012,DRESDEFF620
62090100,GENODES1VHN
62091400,GENODES1VBR
62091600,GENODES1VMN
62091800,GENODES1VHL
62220000,BSHHDE61XXX
62240048,COBADEFFXXX
62250030,SOLADES1SHA
62251550,SOLADES1KUN
62280012,DRESDEFF622
62290110,GENODES1SHA
62291020,GENODES1CRV
62391420,GENODES1VVT
63000000,MARKDEF1630
63020086,HYVEDEMM461
63040053,COBADEFFXXX
63050000,SOLADES1ULM
63061486,GENODES1LBK
63070024,DEUTDEDB630
63070024,DEUTDEDB631
63070024,DEUTDEDB632
63070088,DEUTDESS630
63070088,DEUTDESS631
63070088,DEUTDESS632
63080015,DRESDEFF630
63080085,DRESDEFFI59
63090100,ULMVDE66XXX
63091010,GENODES1EHI
63091200,GENODES1BLA
63091300,GENODES1LAI
63220090,HYVEDEMM271
63240016,COBADEFFXXX
63250030,SOLADES1HDH
63290110,GENODES1HDH
64000000,MARKDEF1640
64020186,HYVEDEMM374
64040033,COBADEFFXXX
64040045,COBADEFFXXX
64050000,SOLADES1REU
64061854,GENODES1STW
64070024,DEUTDEDB634
64070024,DEUTDEDB636
64070024,DEUTDEDB640
64070024,DEUTDEDB641
64070024,DEUTDEDB643
64070024,DEUTDEDB645
64070024,DEUTDEDB646
64070085,DEUTDESS640
64070085,DEUTDESS641
64070085,DEUTDESS642
64070085,DEUTDESS643
64070085,DEUTDESS644
64070085,DEUTDESS645
64070085,DEUTDESS646
64070215,DEUTDESSP14
64070224,DEUTDEDBP14
64080014,DRESDEFF640
64090100,VBRTDE6RXXX
64091200,GENODES1MTZ
64091300,GENODES1MUN
64140036,COBADEFFXXX
64150020,SOLADES1TUB
64161397,GENODES1AMM
64161608,GENODES1RHK
64161956,GENODES1VMO
64163225,GENODES1VHZ
64180014,DRESDEFF641
64190110,GENODES1TUE
64191030,GENODES1NAG
64191700,GENODES1HOR
64240048,COBADEFFXXX
64240071,COBADEFFXXX
64250040,SOLADES1RWL
64251060,SOLADES1FDS
64261363,GENODES1BAI
64261626,GENODES1MMO
64261853,GENODES1PGW
64262408,GENODES1VDS
64290120,GENODES1VRW
64291010,GENODES1FDS
64291420,GENODES1VDL
64292020,GENODES1SBG
64292310,GENODES1TRO
64350070,SOLADES1TUT
64361359,GENODES1RDH
64380011,DRESDEFF643
64390130,GENODES1TUT
65020186,HYVEDEMM588
65040073,COBADEFFXXX
65050110,SOLADES1RVB
65061219,GENODES1AUL
65062577,GENODES1RRV
65063086,GENODES1SAG
65070024,DEUTDEDB649
65070024,DEUTDEDB650
65070024,DEUTDEDB651
65070024,DEUTDEDB652
65070024,DEUTDEDB654
65070024,DEUTDEDB657
65070024,DEUTDEDB658
65070084,DEUTDESS649
65070084,DEUTDESS650
65070084,DEUTDESS651
65070084,DEUTDESS652
65070084,DEUTDESS654
65070084,DEUTDESS657
65070084,DEUTDESS658
65080009,DRESDEFF650
65091040,GENODES1LEU
65091300,GENODES1BWB
65091600,GENODES1VWG
65092010,GENODES1WAN
65092200,GENODES1VAH
65093020,GENODES1SLG
65110200,IBBFDE81XXX
65140072,COBADEFFXXX
65161497,GENODES1GMB
65162832,GENODES1OTE
65180005,DRESDEFF651
65190110,GENODES1VFN
65191500,GENODES1TET
65340004,COBADEFFXXX
65341204,COBADEFFXXX
65351050,SOLADES1SIG
65351260,SOLADES1BAL
65361469,GENODES1HBM
65361898,GENODES1WLB
65361989,GENODES1ONS
65362499,GENODES1GEI
65370024,DEUTDEDB603
65370024,DEUTDEDB653
65370024,DEUTDEDB655
65370075,DEUTDESS603
65370075,DEUTDESS653
65370075,DEUTDESS655
65380003,DRESDEFF653
65390120,GENODES1EBI
65391210,GENODES1BAL
65392030,GENODES1TAI
65440087,COBADEFFXXX
65450070,SBCRDE66XXX
65461878,GENODES1WAR
65462231,GENODES1ERO
65491320,GENODES1VBL
65491510,GENODES1VRR
66000000,MARKDEF1660
66010075,PBNKDEFFXXX
66010200,BBSPDE6KXXX
66010700,LKBWDE6KXXX
66020020,SOLADEST663
66020286,HYVEDEMM475
66020500,BFSWDE33KRL
66020566,BFSWDE33KRL
66030600,ISBKDEFXXXX
66040018,COBADEFFXXX
66040026,COBADEFFXXX
66050000,SOLADEST660
66050101,KARSDE66XXX
66051220,SOLADES1ETT
66060000,GENODE6KXXX
66060300,GENODE61KA3
66061407,GENODE61RH2
66061724,GENODE61WGA
66062138,GENODE61EGG
66062366,GENODE61DET
66069103,GENODE61ELZ
66069104,GENODE61DAC
66069342,GENODE61KTH
66070004,DEUTDESM660
66070004,DEUTDESM661
66070004,DEUTDESM663
66070004,DEUTDESM664
66070024,DEUTDEDB660
66070024,DEUTDEDB661
66070024,DEUTDEDB663
66070024,DEUTDEDB664
66070213,DEUTDESMP12
66070224,DEUTDEDBP12
66080052,DRESDEFF660
66090800,GENODE61BBB
66090900,GENODEF1P10
66091200,GENODE61ETT
66190000,GENODE61KA1
66240002,COBADEFFXXX
66250030,SOLADES1BAD
66251434,SOLADES1BHL
66261092,GENODE61BHT
66261416,GENODE61ALR
66270001,DEUTDESM662
66270001,DEUTDESM665
66270001,DEUTDESM667
66270001,DEUTDESM669
66270001,DEUTDESM671
66270024,DEUTDEDB662
66270024,DEUTDEDB665
66270024,DEUTDEDB667
66270024,DEUTDEDB669
66270024,DEUTDEDB671
66280053,DRESDEFF662
66290000,VBRADE6KXXX
66291300,GENODE61ACH
66291400,GENODE61BHL
66340018,COBADEFFXXX
66350036,BRUSDE66XXX
66391200,GENODE61BTT
66391600,GENODE61ORH
66432700,FAITDE66XXX
66440084,COBADEFFXXX
66450050,SOLADES1OFG
66451346,SOLADES1GEB
66451548,SOLADES1HAL
66451862,SOLADES1KEL
66452776,SOLADES1WOF
66470024,DEUTDEDB968
66470024,DEUTDEDB969
66470024,DEUTDEDB970
66470024,DEUTDEDB971
66470035,DEUTDE6F664
66470035,DEUTDE6F665
66470035,DEUTDE6F666
66470035,DEUTDE6F667
66490000,GENODE61OG1
66491800,GENODE61BHL
66492600,GENODE61APP
66492700,GENODE61KZT
66550070,SOLADES1RAS
66562053,GENODE61DUR
66562300,GENODE61IFF
66640035,COBADEFFXXX
66650085,PZHSDE66XXX
66661244,GENODE61NBT
66661329,GENODE61KBR
66661454,GENODE61NFO
66662155,GENODE61ERS
66662220,GENODE61KBS
66670006,DEUTDESM666
66670006,DEUTDESM677
66670024,DEUTDEDB666
66670024,DEUTDEDB677
66680013,DRESDEFF666
66690000,VBPFDE66XXX
66692300,GENODE61WIR
66762332,GENODE61KIR
66762433,GENODE61NEU
67020190,HYVEDEMM489
67040031,COBADEFFXXX
67040060,COBADEFFXXX
67040061,COBADEFFXXX
67040085,COBADEFFXXX
67050505,MANSDE66XXX
67051203,SOLADES1HOC
67060031,GENODE61MA3
67070010,DEUTDESM670
67070010,DEUTDESM673
67070010,DEUTDESM675
67070010,DEUTDESM676
67070010,DEUTDESMXXX
67070024,DEUTDEDB670
67070024,DEUTDEDB673
67070024,DEUTDEDB675
67070024,DEUTDEDB676
67070024,DEUTDEDBMAN
67080050,DRESDEFF670
67080085,DRESDEFFI60
67080086,DRESDEFFI61
67089440,DRESDEFFI22
67090000,GENODE61MA2
67092300,GENODE61WNM
67220286,HYVEDEMM479
67230000,MLPBDE61XXX
67230001,MLPBDE61001
67240039,COBADEFFXXX
67250020,SOLADES1HDB
67262243,GENODE61WIB
67262550,GENODE61LRO
67270003,DEUTDESM672
67270003,DEUTDESM674
67270003,DEUTDESM678
67270024,DEUTDEDB672
67270024,DEUTDEDB674
67270024,DEUTDEDB678
67280051,DRESDEFF672
67290000,GENODE61HD1
67290100,GENODE61HD3
67291700,GENODE61NGD
67291900,GENODE61SSH
67292200,GENODE61WIE
67352565,SOLADES1TBB
67390000,GENODE61WTH
67450048,SOLADES1MOS
67460041,GENODE61MOS
67461424,GENODE61BUC
67461733,GENODE61RNG
67462368,GENODE61LMB
68000000,MARKDEF1680
68020186,HYVEDEMM357
68030000,BKMADE61XXX
68040007,COBADEFFXXX
68050101,FRSPDE66XXX
68051004,SOLADES1HSW
68051207,SOLADES1BND
68052230,SOLADES1STB
68052328,SOLADES1STF
68052863,SOLADES1SCH
68061505,GENODE61IHR
68062105,GENODE61DEN
68062730,GENODE61WYH
68063479,GENODE61VOK
68064222,GENODE61GUN
68070024,DEUTDEDB681
68070024,DEUTDEDB685
68070024,DEUTDEDB687
68070024,DEUTDEDB689
68070024,DEUTDEDBFRE
68070030,DEUTDE6F681
68070030,DEUTDE6F685
68070030,DEUTDE6F687
68070030,DEUTDE6F689
68070030,DEUTDE6FXXX
68070212,DEUTDE6FP11
68070224,DEUTDEDBP11
68080030,DRESDEFF680
68080031,DRESDEFFI44
68080085,DRESDEFFI62
68080086,DRESDEFFJ22
68090000,GENODE61FR1
68090900,GENODEF1P07
68091900,GENODE61MHL
68092000,GENODE61EMM
68092300,GENODE61STF
68270024,DEUTDEDB682
68270033,DEUTDE6F682
68290000,GENODE61LAH
68340058,COBADEFFXXX
68350048,SKLODE66XXX
68351557,SOLADES1SFH
68351865,SOLADES1MGL
68370024,DEUTDEDB679
68370024,DEUTDEDB680
68370024,DEUTDEDB683
68370024,DEUTDEDB684
68370024,DEUTDEDB686
68370024,DEUTDEDB688
68370024,DEUTDEDB693
68370034,DEUTDE6F678
68370034,DEUTDE6F679
68370034,DEUTDE6F683
68370034,DEUTDE6F684
68370034,DEUTDE6F686
68370034,DEUTDE6F688
68370034,DEUTDE6F693
68390000,VOLODE66XXX
68391500,GENODE61SPF
68452290,SKHRDE6WXXX
68462427,GENODE61WUT
68490000,GENODE61BSK
68492200,GENODE61WT1
69020190,HYVEDEMM591
69040045,COBADEFFXXX
69050001,SOLADES1KNZ
69051410,SOLADES1REN
69051620,SOLADES1PFD
69051725,SOLADES1SAL
69061800,GENODE61UBE
69070024,DEUTDEDB690
69070024,DEUTDEDB691
69070032,DEUTDE6F690
69070032,DEUTDE6F691
69091200,GENODE61HAG
69091600,GENODE61PFD
69220186,HYVEDEMM590
69240075,COBADEFFXXX
69250035,SOLADES1SNG
69251445,SOLADES1ENG
69251755,SOLADES1STO
69270024,DEUTDEDB692
69270024,DEUTDEDB696
69270038,DEUTDE6F692
69270038,DEUTDE6F696
69280035,DRESDEFF692
69290000,GENODE61SIN
69291000,GENODE61RAD
69291099,GENODE61RAD
69362032,GENODE61MES
69400000,MARKDEF1694
69440007,COBADEFFXXX
69440060,COBADEFFXXX
69450065,SOLADES1VSS
69470024,DEUTDEDB642
69470024,DEUTDEDB644
69470024,DEUTDEDB694
69470024,DEUTDEDB697
69470024,DEUTDEDB698
69470024,DEUTDEDB699
69470039,DEUTDE6F642
69470039,DEUTDE6F644
69470039,DEUTDE6F694
69470039,DEUTDE6F697
69470039,DEUTDE6F698
69470039,DEUTDE6F699
69490000,GENODE61VS1
69491700,GENODE61TRI
70000000,MARKDEF1700
70010080,PBNKDEFFXXX
70010424,AARBDE5W700
70010500,REBMDEMMXXX
70010555,REBMDEMM555
70010570,REBMDE7CXXX
70010800,KHMIDEMMXXX
70011200,VONTDEM1XXX
70011400,BFWODE71XXX
70011500,SIBADEMMXXX
70011600,WEGBDE77XXX
70011900,ICRDDE71XXX
70012000,CLABDEM1XXX
70012300,VBANDEMMXXX
70012600,SUSKDEM1XXX
70012700,DEPDDEMMXXX
70012900,FXBBDEM2XXX
70013000,EBSGDEMXXXX
70013010,EFSGDEM1XXX
70013400,CSHHDE71XXX
70013500,HERZDEM1XXX
70015000,TEZGDEB1XXX
70015015,TEZGDEB1001
70015025,TEZGDEB1002
70015035,TEZGDEB1003
70017000,PAGMDEM1XXX
70020270,HYVEDEMMXXX
70020300,WKVBDEM1XXX
70020500,BFSWDE33MUE
70020570,BFSWDE33MUE
70020800,BCITDEFFMUC
70021180,HYVEDEMM418
70022424,SCABDEMMXXX
70025175,HYVEDEMM643
70030300,CHDBDEHHXXX
70030400,MEFIDEMMXXX
70031000,BHLSDEM1XXX
70032500,GAKDDEM1XXX
70033100,BDWBDEMMXXX
70035000,OLBODEH2700
70040041,COBADEFFXXX
70040045,COBADEFFXXX
70040048,COBADEFFXXX
70040060,COBADEFFXXX
70040061,COBADEFFXXX
70040062,COBADEFFXXX
70040063,COBADEFFXXX
70040070,COBADEFFXXX
70045050,COBADEFFXXX
70050000,BYLADEMMXXX
70051003,BYLADEM1FSI
70051540,BYLADEM1DAH
70051995,BYLADEM1ERD
70052060,BYLADEM1LLD
70053070,BYLADEM1FFB
70054306,BYLADEM1WOR
70070010,DEUTDEMM700
70070010,DEUTDEMM701
70070010,DEUTDEMM702
70070010,DEUTDEMM703
70070010,DEUTDEMM704
70070010,DEUTDEMM705
70070010,DEUTDEMM706
70070010,DEUTDEMM707
70070010,DEUTDEMM708
70070010,DEUTDEMM709
70070010,DEUTDEMM710
70070010,DEUTDEMM711
70070010,DEUTDEMM712
70070010,DEUTDEMM713
70070010,DEUTDEMM714
70070010,DEUTDEMM715
70070010,DEUTDEMM716
70070010,DEUTDEMM717
70070010,DEUTDEMMXXX
70070024,DEUTDEDB700
70070024,DEUTDEDB701
70070024,DEUTDEDB702
70070024,DEUTDEDB703
70070024,DEUTDEDB704
70070024,DEUTDEDB705
70070024,DEUTDEDB706
70070024,DEUTDEDB707
70070024,DEUTDEDB708
70070024,DEUTDEDB709
70070024,DEUTDEDB710
70070024,DEUTDEDB711
70070024,DEUTDEDB712
70070024,DEUTDEDB713
70070024,DEUTDEDB714
70070024,DEUTDEDB715
70070024,DEUTDEDB716
70070024,DEUTDEDB717
70070024,DEUTDEDBMUC
70070324,DEUTDEDBP16
70070362,DEUTDEMMP16
70080000,DRESDEFF700
70080056,DRESDEFF714
70080057,DRESDEFF724
70080085,DRESDEFFI55
70080086,DRESDEFFJ23
70080087,DRESDEFFJ24
70080088,DRESDEFFJ25
70089470,DRESDEFFI23
70089472,DRESDEFFI45
70090100,GENODEF1M04
70090124,GENODEF1MU4
70090500,GENODEF1S04
70091500,GENODEF1DCA
70091510,GENODEF1DCA
70091600,GENODEF1DSS
70091900,GENODEF1EDV
70093200,GENODEF1STH
70093400,GENODEF1ISV
70110088,PBNKDEFFXXX
70110500,MHYPDEMMXXX
70120100,SBOSDEMXXXX
70120400,DABBDEMMXXX
70120500,FMBKDEMMXXX
70120600,AGBMDEMMXXX
70120700,OBKLDEMXXXX
70130800,GENODEF1M06
70133300,SCFBDE33XXX
70150000,SSKMDEMMXXX
70160000,GENODEFF701
70163370,GENODEF1FFB
70166486,GENODEF1OHC
70169132,GENODEF1HFG
70169165,GENODEF1SBC
70169168,GENODEF1RIW
70169186,GENODEF1ODZ
70169190,GENODEF1GKT
70169191,GENODEF1TEI
70169195,GENODEF1TRU
70169310,GENODEF1ALX
70169331,GENODEF1SSB
70169333,GENODEF1EUR
70169351,GENODEF1ELB
70169356,GENODEF1EDR
70169382,GENODEF1GIL
70169383,GENODEF1GMU
70169388,GENODEF1HMA
70169402,GENODEF1HHK
70169410,GENODEF1HZO
70169413,GENODEF1HUA
70169450,GENODEF1ASG
70169459,GENODEF1MTW
70169460,GENODEF1MOO
70169464,GENODEF1M07
70169465,GENODEF1M08
70169466,GENODEF1M03
70169470,GENODEF1GAA
70169474,GENODEF1NSV
70169476,GENODEF1NBK
70169509,GENODEF1PEI
70169521,GENODEF1RIG
70169524,GENODEF1RME
70169530,GENODEF1RWZ
70169538,GENODEF1SWO
70169541,GENODEF1THG
70169543,GENODEF1HHS
70169558,GENODEF1SGA
70169566,GENODEF1TAV
70169568,GENODEF1TAE
70169571,GENODEF1DTZ
70169575,GENODEF1TRH
70169576,GENODEF1TUS
70169585,GENODEF1UNS
70169598,GENODEF1MIB
70169599,GENODEF1WEI
70169602,GENODEF1WM1
70169605,GENODEF1ISE
70169614,GENODEF1FSR
70169619,GENODEF1ZOR
70169653,GENODEF1AIG
70169693,GENODEF1RHT
70190000,GENODEF1M01
70190010,GENODEF1M1Y
70220000,LFFBDEMMXXX
70220200,BHFBDEFF700
70220300,BMWBDEMUXXX
70220900,DRESDEFFBFC
70230600,ISBKDEFXMUN
70250150,BYLADEM1KMS
70320090,HYVEDEMM654
70321194,HYVEDEMM466
70322192,HYVEDEMM664
70350000,BYLADEM1GAP
70351030,BYLADEM1WHM
70362595,GENODEF1WAK
70380006,DRESDEFF703
70390000,GENODEF1GAP
70390010,GENODEF1GAP
70391800,GENODEF1PZB
71020072,HYVEDEMM410
71021270,HYVEDEMM629
71022182,HYVEDEMM453
71023173,HYVEDEMM632
71050000,BYLADEM1BGL
71052050,BYLADEM1TST
71061009,GENODEF1AOE
71062802,GENODEF1AGE
71090000,GENODEF1BGL
71120077,HYVEDEMM448
71120078,HYVEDEMM644
71121176,HYVEDEMM438
71122183,HYVEDEMM457
71140041,COBADEFFXXX
71160000,GENODEF1VRR
71160161,GENODEF1ROR
71161964,GENODEF1PRV
71162355,GENODEF1OBD
71162804,GENODEF1ASU
71165150,GENODEF1AIB
71180005,DRESDEFF711
71190000,GENODEF1ROV
71191000,GENODEF1MUL
72000000,MARKDEF1720
72012300,BTVADE61XXX
72020070,HYVEDEMM408
72021271,HYVEDEMM236
72021876,HYVEDEMM259
72030014,FUBKDE71XXX
72030227,ANHODE77XXX
72030260,ANHODE7AXXX
72040046,COBADEFFXXX
72050000,AUGSDE77XXX
72050101,BYLADEM1AUG
72051210,BYLADEM1AIC
72051840,BYLADEM1GZK
72069119,GENODEF1ICH
72069123,GENODEF1JET
72069126,GENODEF1BBT
72069132,GENODEF1KRR
72069135,GENODEF1LST
72069155,GENODEF1MRI
72069179,GENODEF1BWI
72069181,GENODEF1OFF
72069193,GENODEF1RLI
72069209,GENODEF1RGB
72069220,GENODEF1SMU
72069235,GENODEF1THS
72069263,GENODEF1WTS
72069274,GENODEF1ZUS
72069308,GENODEF1WDN
72069329,GENODEF1NOE
72069736,GENODEF1BLT
72069789,GENODEF1PFA
72070001,DEUTDEMM720
72070001,DEUTDEMM723
72070001,DEUTDEMM724
72070001,DEUTDEMM725
72070001,DEUTDEMM726
72070001,DEUTDEMM727
72070024,DEUTDEDB720
72070024,DEUTDEDB723
72070024,DEUTDEDB724
72070024,DEUTDEDB725
72070024,DEUTDEDB726
72070024,DEUTDEDB727
72070324,DEUTDEDBP19
72070365,DEUTDEMMP19
72080001,DRESDEFF720
72090000,GENODEF1AUB
72090500,GENODEF1S03
72090900,GENODEF1P14
72091800,GENODEF1GZ1
72120078,HYVEDEMM426
72122181,HYVEDEMM665
72140052,COBADEFFXXX
72150000,BYLADEM1ING
72151340,BYLADEM1EIS
72151650,BYLADEM1PAF
72151880,BYLADEM1SSH
72152070,BYLADEM1NEB
72160818,GENODEF1INP
72169764,GENODEF1WRI
72169812,GENODEF1GAH
72169831,GENODEF1RBL
72170007,DEUTDEMM721
72170007,DEUTDEMM722
72170007,DEUTDEMM728
72170007,DEUTDEMM729
72170024,DEUTDEDB721
72170024,DEUTDEDB722
72170024,DEUTDEDB728
72170024,DEUTDEDB729
72170324,DEUTDEDBP17
72170363,DEUTDEMMP17
72180002,DRESDEFF721
72220074,HYVEDEMM255
72223182,HYVEDEMM263
72250000,BYLADEM1NLG
72250160,BYLADEM1DON
72251520,BYLADEM1DLG
72261754,GENODEF1RLH
72262401,GENODEF1DLG
72290100,GENODEF1DON
73160000,GENODEF1MIR
73180011,DRESDEFF731
73190000,GENODEF1MM1
73320073,HYVEDEMM428
73321177,HYVEDEMM567
73322380,HYVEDEMM570
73331700,GABLDE71XXX
73340046,COBADEFFXXX
73350000,BYLADEM1ALG
73369826,GENODEF1LIA
73369851,GENODEF1AIT
73369854,GENODEF1FCH
73369859,GENODEF1BIN
73369871,GENODEF1EGB
73369902,GENODEF1KM1
73369918,GENODEF1OKI
73369920,GENODEF1SFO
73369933,GENODEF1RHP
73369936,GENODEF1SER
73369954,GENODEF1WGO
73370008,DEUTDEMM733
73370008,DEUTDEMM734
73370008,DEUTDEMM735
73370008,DEUTDEMM736
73370008,DEUTDEMM737
73370024,DEUTDEDB733
73370024,DEUTDEDB734
73370024,DEUTDEDB735
73370024,DEUTDEDB736
73370024,DEUTDEDB737
73380004,DRESDEFF733
73390000,GENODEF1KEV
73392000,GENODEF1IMV
73420071,HYVEDEMM427
73421478,HYVEDEMM666
73440048,COBADEFFXXX
73450000,BYLADEM1KFB
73451450,BYLADEM1SOG
73480013,DRESDEFF734
74020074,HYVEDEMM445
74020100,RZOODE77XXX
74020150,RZOODE77050
74040082,COBADEFFXXX
74050000,BYLADEM1PAS
74061814,GENODEF1PFK
74062490,GENODEF1VIR
74062786,GENODEF1TIE
74064593,GENODEF1WSD
74065782,GENODEF1SZT
74066749,GENODEF1HZN
74067000,GENODEF1POC
74069744,GENODEF1GRT
74069752,GENODEF1HHU
74069758,GENODEF1TKI
74069768,GENODEF1NHD
74090000,GENODEF1PA1
74120071,HYVEDEMM415
74131000,TEKRDE71XXX
74140048,COBADEFFXXX
74150000,BYLADEM1DEG
74180009,DRESDEFF741
74190000,GENODEF1DGV
74191000,GENODEF1LND
74220075,HYVEDEMM452
74221170,HYVEDEMM675
74240062,COBADEFFXXX
74250000,BYLADEM1SRG
74251020,BYLADEM1CHM
74260110,GENODEF1SR2
74261024,GENODEF1CHA
74290000,GENODEF1SR1
74290100,CBSRDE71XXX
74320073,HYVEDEMM433
74340077,COBADEFFXXX
74350000,BYLADEM1LAH
74351430,BYLADEM1EGF
74351740,BYLADEM1MSB
74361211,GENODEF1ARF
74362663,GENODEF1ERG
74364689,GENODEF1PFF
74369068,GENODEF1LWE
74369088,GENODEF1GPF
74369130,GENODEF1PST
74369146,GENODEF1RZK
74369656,GENODEF1ENA
74369662,GENODEF1EBV
74369704,GENODEF1MKO
74380007,DRESDEFF743
74390000,GENODEF1LH1
74391400,GENODEF1EGR
74392300,GENODEF1VBV
75000000,MARKDEF1750
75020073,HYVEDEMM447
75021174,HYVEDEMM804
75040062,COBADEFFXXX
75050000,BYLADEM1RBG
75051040,BYLADEM1SAD
75051565,BYLADEM1KEH
75060150,GENODEF1R02
75061168,GENODEF1SWN
75061851,GENODEF1REF
75062026,GENODEF1DST
75069014,GENODEF1ABS
75069015,GENODEF1NGG
75069020,GENODEF1BUK
75069038,GENODEF1FKS
75069050,GENODEF1GRW
75069055,GENODEF1HGA
75069061,GENODEF1HEM
75069078,GENODEF1SZV
75069081,GENODEF1KTZ
75069094,GENODEF1PAR
75069110,GENODEF1NKN
75069171,GENODEF1SWD
75070013,DEUTDEMM741
75070013,DEUTDEMM750
75070013,DEUTDEMM751
75070013,DEUTDEMM752
75070024,DEUTDEDB741
75070024,DEUTDEDB750
75070024,DEUTDEDB751
75070024,DEUTDEDB752
75080003,DRESDEFF750
75090000,GENODEF1R01
75090300,GENODEF1M05
75090500,GENODEF1S05
75090900,GENODEF1P18
75091400,GENODEF1BLF
75220070,HYVEDEMM405
75240000,COBADEFFXXX
75250000,BYLADEM1ABG
75261700,GENODEF1SZH
75290000,GENODEF1AMV
75320075,HYVEDEMM454
75340090,COBADEFFXXX
75350000,BYLADEM1WEN
75351960,BYLADEM1ESB
75360011,GENODEF1WEO
75362039,GENODEF1FLS
75363189,GENODEF1NEW
75390000,GENODEF1WEV
76000000,MARKDEF1760
76010085,PBNKDEFFXXX
76020070,HYVEDEMM460
76020099,HYVEDEMMCAR
76026000,NORSDE71XXX
76030080,CSDBDE71XXX
76030600,ISBKDEFXNUR
76030800,BIWBDE33760
76032000,TEAMDE71XXX
76032001,TEAMDE71TAT
76035000,UMWEDE7NXXX
76040060,COBADEFFXXX
76040061,COBADEFFXXX
76040062,COBADEFFXXX
76040065,COBADEFFXXX
76050000,BYLADEMMXXX
76050101,SSKNDE77XXX
76052080,BYLADEM1NMA
76060000,GENODEFF760
76060618,GENODEF1N02
76061025,GENODEF1LAU
76061482,GENODEF1HSB
76069369,GENODEF1AUO
76069372,GENODEF1WDS
76069378,GENODEF1BEH
76069404,GENODEF1DSB
76069409,GENODEF1DIH
76069410,GENODEF1DIM
76069440,GENODEF1FEC
76069441,GENODEF1FEW
76069448,GENODEF1FRD
76069449,GENODEF1FYS
76070012,DEUTDEMM763
76070012,DEUTDEMM764
76070012,DEUTDEMM766
76070012,DEUTDEMM767
76070012,DEUTDEMM768
76070012,DEUTDEMM769
76070012,DEUTDEMM771
76070012,DEUTDEMM772
76070012,DEUTDEMM774
76070024,DEUTDEDB760
76070024,DEUTDEDB761
76070024,DEUTDEDB762
76070024,DEUTDEDB763
76070024,DEUTDEDB764
76070024,DEUTDEDB765
76070024,DEUTDEDB766
76070024,DEUTDEDB767
76070024,DEUTDEDB768
76070024,DEUTDEDB769
76070024,DEUTDEDB771
76070024,DEUTDEDB772
76070024,DEUTDEDB773
76070024,DEUTDEDB774
76070024,DEUTDEDB783
76070324,DEUTDEDBP15
76070361,DEUTDEMMP15
76080040,DRESDEFF760
76080053,DRESDEFFAGI
76080055,DRESDEFFI25
76080085,DRESDEFFJ26
76080086,DRESDEFFJ27
76089480,DRESDEFFI24
76089482,DRESDEFFI46
76090400,GENODEF1N03
76090500,GENODEF1S06
76090900,GENODEF1P17
76211900,GENODEF1WHD
76220073,HYVEDEMM419
76240011,COBADEFFXXX
76250000,BYLADEM1SFU
76251020,BYLADEM1NEA
76260451,GENODEF1FUE
76320072,HYVEDEMM417
76340061,COBADEFFXXX
76350000,BYLADEM1ERH
76460015,GENODEF1SWR
76461485,GENODEF1HPN
76520071,HYVEDEMM406
76550000,BYLADEM1ANS
77020070,HYVEDEMM411
77040080,COBADEFFXXX
77050000,BYLADEM1SKB
77060100,GENODEF1BA2
77061004,GENODEF1ALK
77061425,GENODEF1EBR
77062014,GENODEF1BGB
77062139,GENODEF1SFF
77069044,GENODEF1KC2
77069051,GENODEF1HIS
77069052,GENODEF1HOB
77069091,GENODEF1SFD
77069461,GENODEF1GBF
77120073,HYVEDEMM289
77140061,COBADEFFXXX
77150000,BYLADEM1KUB
77190000,GENODEF1KU1
77320072,HYVEDEMM412
77322200,FODBDE77XXX
77340076,COBADEFFXXX
77350110,BYLADEM1SBT
77363749,GENODEF1GFS
77365792,GENODEF1HWA
78020070,HYVEDEMM424
78040081,COBADEFFXXX
78050000,BYLADEM1HOF
78160069,GENODEF1MAK
78161575,GENODEF1WSS
78320076,HYVEDEMM480
78340091,COBADEFFXXX
78350000,BYLADEM1COB
79040047,COBADEFFXXX
79050000,BYLADEM1SWU
79063060,GENODEF1EFD
79063122,GENODEF1HBG
79065028,GENODEF1BRK
79069165,GENODEF1MLV
79069181,GENODEF1NDL
79069188,GENODEF1SLZ
79069213,GENODEF1RNM
79070016,DEUTDEMM790
79070016,DEUTDEMM791
79070016,DEUTDEMM792
79070024,DEUTDEDB790
79070024,DEUTDEDB791
79070024,DEUTDEDB792
79080052,DRESDEFF790
79080085,DRESDEFFJ28
79090000,GENODEF1WU1
79161058,GENODEF1ERN
79161499,GENODEF1OBR
79351010,BYLADEM1KIS
79351730,BYLADEM1HAS
79353090,BYLADEM1NES
79362081,GENODEF1GZH
79363016,GENODEF1NDT
79570024,DEUTDEDB795
79570024,DEUTDEDB796
79570051,DEUTDEFF795
79570051,DEUTDEFF796
79570324,DEUTDEDBP18
79570364,DEUTDEFFS18
79580099,DRESDEFF795
79589402,DRESDEFFI47
79590000,GENODEF1AB2
79650000,BYLADEM1MIL
79665540,GENODEF1EAU
79666548,GENODEF1OBE
79668509,GENODEF1ENB
79690000,GENODEF1MIL
80020086,HYVEDEMM440
80020087,HYVEDEMM462
80040000,COBADEFFXXX
80050500,NOLADE21MQU
80053000,NOLADE21BLK
80053572,NOLADE21DES
80053622,NOLADE21KOT
80053722,NOLADE21BTF
80053762,NOLADE21HAL
80054000,NOLADE21WSF
80055008,NOLADE21EIL
80055500,NOLADE21SES
80062608,GENODEF1JE1
80063508,GENODEF1QLB
81050555,NOLADE21SDL
81052000,NOLADE21HRZ
81053272,NOLADE21MDG
81054000,NOLADE21JEL
81055000,NOLADE21HDL
81055555,NOLADE21SAW
81063028,GENODEF1KAB
81063238,GENODEF1BRG
81068106,GENODED1KDM
81069052,GENODEF1WZL
81070000,DEUTDE8M811
81070000,DEUTDE8M812
81070000,DEUTDE8M814
81070000,DEUTDE8M815
81070000,DEUTDE8M816
81070000,DEUTDE8M817
81070000,DEUTDE8M818
81070000,DEUTDE8M819
81070000,DEUTDE8M820
81070000,DEUTDE8M821
81070000,DEUTDE8M822
81070000,DEUTDE8M823
81070000,DEUTDE8M825
81070000,DEUTDE8MXXX
81070024,DEUTDEDB811
81070024,DEUTDEDB814
81070024,DEUTDEDB815
81070024,DEUTDEDBMAG
82052020,HELADEF1GTH
82054052,HELADEF1NOR
82055000,HELADEF1KYF
82056060,HELADEF1MUE
82057070,HELADEF1EIC
82060197,GENODED1PA5
82064038,GENODEF1MU2
82064088,GENODEF1ESA
82064168,GENODEF1GTH
82064188,GENODEF1WE1
82064228,ERFBDE8EXXX
82070000,DEUTDE8E820
82070000,DEUTDE8E822
82070000,DEUTDE8E823
82070000,DEUTDE8E824
82070000,DEUTDE8E825
82070000,DEUTDE8E826
82070000,DEUTDE8E827
82070000,DEUTDE8E828
82070000,DEUTDE8E829
82070000,DEUTDE8E830
82070000,DEUTDE8E831
82070000,DEUTDE8E832
82070000,DEUTDE8E833
82070000,DEUTDE8E835
82070000,DEUTDE8E836
82070000,DEUTDE8E840
82070000,DEUTDE8E841
82070000,DEUTDE8E842
82070000,DEUTDE8E843
82070000,DEUTDE8E844
82070000,DEUTDE8E845
82070000,DEUTDE8E846
82070000,DEUTDE8E847
82070000,DEUTDE8E848
82070000,DEUTDE8E849
82070000,DEUTDE8E850
82070000,DEUTDE8E851
82070000,DEUTDE8EXXX
82070024,DEUTDEDB820
82070024,DEUTDEDB821
82070024,DEUTDEDB822
82070024,DEUTDEDB823
82070024,DEUTDEDB824
82070024,DEUTDEDB825
82070024,DEUTDEDB827
82070024,DEUTDEDB828
82070024,DEUTDEDB829
82070024,DEUTDEDB830
82070024,DEUTDEDB831
82070024,DEUTDEDB832
82070024,DEUTDEDB833
82070024,DEUTDEDB835
82070024,DEUTDEDB836
82070024,DEUTDEDB840
82070024,DEUTDEDB841
82070024,DEUTDEDB842
82070024,DEUTDEDB843
82070024,DEUTDEDB844
82070024,DEUTDEDB845
82070024,DEUTDEDB846
82070024,DEUTDEDB847
82070024,DEUTDEDB848
82070024,DEUTDEDB849
82070024,DEUTDEDB850
82070024,DEUTDEDB851
82070024,DEUTDEDBERF
82070324,DEUTDEDBP20
82070366,DEUTDE8EP20
82080000,DRESDEFF827
82094004,GENODEF1HIG
82094054,GENODEF1NDS
83020086,HYVEDEMM468
83020087,HYVEDEMM463
83020088,HYVEDEMM484
83040000,COBADEFFXXX
83050000,HELADEF1GER
83050200,HELADEF1ALT
83050303,HELADEF1SAR
83050505,HELADEF1SOK
83053030,HELADEF1JEN
83064488,GENODEF1HMF
83065408,GENODEF1SLR
83080000,DRESDEFF830
83094444,GENODEF1PN1
83094454,GENODEF1RUJ
83094494,GENODEF1ESN
83094495,GENODEF1ETK
84020087,HYVEDEMM458
84040000,COBADEFFXXX
84050000,HELADEF1RRS
84051010,HELADEF1ILK
84054040,HELADEF1HIL
84054722,HELADEF1SON
84055050,HELADEF1WAK
84064798,GENODEF1MLF
84069065,GENODEF1SSG
84080000,DRESDEFF843
84094754,GENODEF1SAL
84094755,GENODEF1SAL
84094814,GENODEF1SHL
85010500,SABDDE81XXX
85020086,HYVEDEMM496
85020500,BFSWDE33DRE
85040000,COBADEFFXXX
85040060,COBADEFFXXX
85040061,COBADEFFXXX
85050100,WELADED1GRL
85050300,OSDDDE81FTL
85050300,OSDDDE81HDN
85050300,OSDDDE81HOY
85050300,OSDDDE81KMZ
85050300,OSDDDE81PIR
85050300,OSDDDE81RBG
85050300,OSDDDE81SEB
85050300,OSDDDE81XXX
85055000,SOLADES1MEI
85060000,GENODEF1PR2
85065028,GENODEF1SEB
85080000,DRESDEFF850
85080085,DRESDEFFJ29
85080086,DRESDEFFJ30
85080200,DRESDEFF857
85089270,DRESDEFFI15
85090000,GENODEF1DRS
85094984,GENODEF1RIE
85095004,GENODEF1MEI
85550000,SOLADES1BAT
85590000,GENODEF1BZV
85590100,GENODEF1NGS
85591000,GENODEF1GR1
86000000,MARKDEF1860
86010090,PBNKDEFFXXX
86010424,AARBDE5W860
86020086,HYVEDEMM495
86020500,BFSWDE33LPZ
86021000,AIPGDE82XXX
86033300,SCFBDE33XXX
86040000,COBADEFFXXX
86040060,COBADEFFXXX
86040061,COBADEFFXXX
86050000,SOLADEST861
86050200,SOLADES1GRM
86050600,WELADED1TGU
86055002,SOLADES1DES
86055462,SOLADES1DLN
86055592,WELADE8LXXX
86065448,GENODEF1BOA
86065468,GENODEF1DL1
86065483,GENODEF1GMR
86069070,GENODEF1TGB
86070000,DEUTDE8L860
86070000,DEUTDE8L861
86070000,DEUTDE8L862
86070000,DEUTDE8L863
86070000,DEUTDE8L864
86070000,DEUTDE8L865
86070000,DEUTDE8L866
86070000,DEUTDE8L867
86070000,DEUTDE8L868
86070000,DEUTDE8L869
86070000,DEUTDE8L870
86070000,DEUTDE8L871
86070000,DEUTDE8L872
86070000,DEUTDE8L873
86070000,DEUTDE8L874
86070000,DEUTDE8L875
86070000,DEUTDE8L877
86070000,DEUTDE8L878
86070000,DEUTDE8L879
86070000,DEUTDE8L880
86070000,DEUTDE8L881
86070000,DEUTDE8L882
86070000,DEUTDE8L883
86070000,DEUTDE8L884
86070000,DEUTDE8L885
86070000,DEUTDE8L887
86070000,DEUTDE8L888
86070000,DEUTDE8LXXX
86070024,DEUTDEDB860
86070024,DEUTDEDB861
86070024,DEUTDEDB862
86070024,DEUTDEDB863
86070024,DEUTDEDB864
86070024,DEUTDEDB865
86070024,DEUTDEDB866
86070024,DEUTDEDB867
86070024,DEUTDEDB868
86070024,DEUTDEDB869
86070024,DEUTDEDB973
86070024,DEUTDEDB974
86070024,DEUTDEDB975
86070024,DEUTDEDB976
86070024,DEUTDEDB977
86070024,DEUTDEDB978
86070024,DEUTDEDB980
86070024,DEUTDEDB981
86070024,DEUTDEDB982
86070024,DEUTDEDB983
86070024,DEUTDEDB984
86070024,DEUTDEDB985
86070024,DEUTDEDB986
86070024,DEUTDEDB987
86070024,DEUTDEDB988
86070024,DEUTDEDB990
86070024,DEUTDEDB991
86070024,DEUTDEDBLEG
86070407,DEUTDE8LP37
86070424,DEUTDEDBP37
86080000,DRESDEFF860
86080055,DRESDEFF862
86080057,DRESDEFF867
86080085,DRESDEFFJ31
86080086,DRESDEFFJ32
86089280,DRESDEFFI16
86095484,GENODEF1GMV
86095554,GENODEF1DZ1
86095604,GENODEF1LVB
87000000,MARKDEF1870
87020086,HYVEDEMM497
87020087,HYVEDEMM481
87020088,HYVEDEMM441
87040000,COBADEFFXXX
87050000,CHEKDE81GLA
87050000,CHEKDE81HOT
87050000,CHEKDE81LIM
87050000,CHEKDE81LTS
87050000,CHEKDE81MRN
87050000,CHEKDE81XXX
87051000,WELADED1MTW
87052000,WELADED1FGX
87054000,WELADED1STB
87055000,WELADED1ZWI
87058000,WELADED1PLX
87070000,DEUTDE8C888
87070000,DEUTDE8C889
87070000,DEUTDE8C890
87070000,DEUTDE8C891
87070000,DEUTDE8C892
87070000,DEUTDE8C893
87070000,DEUTDE8C894
87070000,DEUTDE8C895
87070000,DEUTDE8C896
87070000,DEUTDE8C897
87070000,DEUTDE8C898
87070000,DEUTDE8C899
87070000,DEUTDE8C900
87070000,DEUTDE8C901
87070000,DEUTDE8C902
87070000,DEUTDE8C903
87070000,DEUTDE8C905
87070000,DEUTDE8C906
87070000,DEUTDE8C907
87070000,DEUTDE8C908
87070000,DEUTDE8C909
87070000,DEUTDE8C910
87070024,DEUTDEDB870
87070024,DEUTDEDB871
87070024,DEUTDEDB872
87070024,DEUTDEDB873
87070024,DEUTDEDB874
87070024,DEUTDEDB875
87070024,DEUTDEDB876
87070024,DEUTDEDB877
87070024,DEUTDEDB878
87070024,DEUTDEDB879
87070024,DEUTDEDB880
87070024,DEUTDEDB881
87070024,DEUTDEDB882
87070024,DEUTDEDB883
87070024,DEUTDEDB884
87070024,DEUTDEDBCHE
87096214,GENODEF1CH1